Id,City,Lat,Lon,day_tmp_avg,hum_pct_avg,wind_spd_avg,cld_pct_avg,rain_prob_avg,main_weath_avg,rain_vol_avg,Decision,Hotel,Url,Score,Description,Lon_h,Lat_h
4,Rouen,49.4404591,1.0939658,8.2,55.75,4.47,54.5,0.5,Clouds,5.3,OK,Une Chambre Dans L'atelier De R,https://www.booking.com/hotel/fr/une-chambre-dans-l-39-atelier-de-r.fr.html?label=gen173nr-1FCAEoggI46AdIDVgEaE2IAQGYAQ24AQfIAQzYAQHoAQH4AQKIAgGoAgO4AoOysIMGwAIB0gIkYzcxZTYxZjUtZjhkYS00NWI0LTkwMGUtMGVkODA1MjU3OWQy2AIF4AIB&sid=52e49e294914c8bea0175922cc65b40c&dest_id=-1462807&dest_type=city&group_adults=2&group_children=0&hapos=200&hpos=25&no_rooms=1&sr_order=popularity&srepoch=1617697040&srpvid=40fe3a47c6e6013f&ucfs=1&from=searchresults;highlight_room=#hotelTmpl,9.9,"L'établissement Une Chambre Dans L'atelier De R est situé dans le centre-ville de Rouen, à 400 mètres de la cathédrale Notre-Dame de Rouen. ",1.09861066748749,49.4408599402356
4,Rouen,49.4404591,1.0939658,8.2,55.75,4.47,54.5,0.5,Clouds,5.3,OK,Joli appartement avec cour privée proche gare & centre ville,https://www.booking.com/hotel/fr/charmant-t2-proche-gare-amp-centre-ville.fr.html?label=gen173nr-1FCAEoggI46AdIDVgEaE2IAQGYAQ24AQfIAQzYAQHoAQH4AQKIAgGoAgO4AoOysIMGwAIB0gIkYzcxZTYxZjUtZjhkYS00NWI0LTkwMGUtMGVkODA1MjU3OWQy2AIF4AIB&sid=52e49e294914c8bea0175922cc65b40c&dest_id=-1462807&dest_type=city&group_adults=2&group_children=0&hapos=98&hpos=23&no_rooms=1&sr_order=popularity&srepoch=1617697034&srpvid=71b23a4430a30070&ucfs=1&from=searchresults;highlight_room=#hotelTmpl,9.8,"Le Joli appartement avec cour privée proche gare & centre ville est situé à Rouen, à seulement 1,7 km de la cathédrale Notre-Dame de Rouen. ",1.098711,49.4505825
4,Rouen,49.4404591,1.0939658,8.2,55.75,4.47,54.5,0.5,Clouds,5.3,OK,Le Bussi quartier Beaux Arts - centre Rouen,https://www.booking.com/hotel/fr/le-cerne-rouen.fr.html?label=gen173nr-1FCAEoggI46AdIDVgEaE2IAQGYAQ24AQfIAQzYAQHoAQH4AQKIAgGoAgO4AoOysIMGwAIB0gIkYzcxZTYxZjUtZjhkYS00NWI0LTkwMGUtMGVkODA1MjU3OWQy2AIF4AIB&sid=52e49e294914c8bea0175922cc65b40c&dest_id=-1462807&dest_type=city&group_adults=2&group_children=0&hapos=196&hpos=21&no_rooms=1&sr_order=popularity&srepoch=1617697040&srpvid=40fe3a47c6e6013f&ucfs=1&from=searchresults;highlight_room=#hotelTmpl,9.7,"Situé à 700 mètres de la cathédrale Notre-Dame de Rouen, Le Bussi quartier L'établissement Beaux Arts - centre Rouen est situé dans le centre-ville de Rouen. ",1.095809920901,49.446214291283
4,Rouen,49.4404591,1.0939658,8.2,55.75,4.47,54.5,0.5,Clouds,5.3,OK,L'Espace Privé 2 Rouen,https://www.booking.com/hotel/fr/espace-prive-2-rouen.fr.html?label=gen173nr-1FCAEoggI46AdIDVgEaE2IAQGYAQ24AQfIAQzYAQHoAQH4AQKIAgGoAgO4AoOysIMGwAIB0gIkYzcxZTYxZjUtZjhkYS00NWI0LTkwMGUtMGVkODA1MjU3OWQy2AIF4AIB&sid=52e49e294914c8bea0175922cc65b40c&dest_id=-1462807&dest_type=city&group_adults=2&group_children=0&hapos=135&hpos=10&no_rooms=1&sr_order=popularity&srepoch=1617697037&srpvid=e1023a46f1a10173&ucfs=1&from=searchresults;highlight_room=#hotelTmpl,9.7,"L’Espace Privé 2 Rouen propose un hébergement doté d’une baignoire spa en plein cœur de Rouen, à 1,5 km de la cathédrale Notre-Dame. Une connexion Wi-Fi est disponible gratuitement. ",1.087821524329,49.444993595109
4,Rouen,49.4404591,1.0939658,8.2,55.75,4.47,54.5,0.5,Clouds,5.3,OK,Maison individuelle dans ancienne ecurie,https://www.booking.com/hotel/fr/maison-individuelle-dans-ancienne-ecurie.fr.html?label=gen173nr-1FCAEoggI46AdIDVgEaE2IAQGYAQ24AQfIAQzYAQHoAQH4AQKIAgGoAgO4AoOysIMGwAIB0gIkYzcxZTYxZjUtZjhkYS00NWI0LTkwMGUtMGVkODA1MjU3OWQy2AIF4AIB&sid=52e49e294914c8bea0175922cc65b40c&dest_id=-1462807&dest_type=city&group_adults=2&group_children=0&hapos=49&hpos=24&no_rooms=1&sr_order=popularity&srepoch=1617697030&srpvid=df1f3a43a24d00a1&ucfs=1&from=searchresults;highlight_room=#hotelTmpl,9.7,"Installée à Rouen, la Maison individuelle dans ancienne ecurie dispose d'un restaurant, d'une cuisine et d’un salon communs, d'une connexion Wi-Fi gratuite et d’une vue sur son jardin. ",1.0864592,49.4502479
4,Rouen,49.4404591,1.0939658,8.2,55.75,4.47,54.5,0.5,Clouds,5.3,OK,Superbe appartement dans le quartier de la gare,https://www.booking.com/hotel/fr/le-rive-droite-rouen.fr.html?label=gen173nr-1FCAEoggI46AdIDVgEaE2IAQGYAQ24AQfIAQzYAQHoAQH4AQKIAgGoAgO4AoOysIMGwAIB0gIkYzcxZTYxZjUtZjhkYS00NWI0LTkwMGUtMGVkODA1MjU3OWQy2AIF4AIB&sid=52e49e294914c8bea0175922cc65b40c&dest_id=-1462807&dest_type=city&group_adults=2&group_children=0&hapos=82&hpos=7&no_rooms=1&sr_order=popularity&srepoch=1617697034&srpvid=71b23a4430a30070&ucfs=1&from=searchresults;highlight_room=#hotelTmpl,9.7,"Le Superbe appartement dans le quartier de la gare se situe à Rouen, à 2,3 km de la cathédrale Notre-Dame. ",1.09623343603516,49.4485027016785
4,Rouen,49.4404591,1.0939658,8.2,55.75,4.47,54.5,0.5,Clouds,5.3,OK,"Radisson Blu Hotel, Rouen Centre",https://www.booking.com/hotel/fr/radisson-blu-rouen-centre.fr.html?label=gen173nr-1FCAEoggI46AdIDVgEaE2IAQGYAQ24AQfIAQzYAQHoAQH4AQKIAgGoAgO4AoOysIMGwAIB0gIkYzcxZTYxZjUtZjhkYS00NWI0LTkwMGUtMGVkODA1MjU3OWQy2AIF4AIB&sid=52e49e294914c8bea0175922cc65b40c&dest_id=-1462807&dest_type=city&group_adults=2&group_children=0&hapos=28&hpos=3&no_rooms=1&sr_order=popularity&srepoch=1617697030&srpvid=df1f3a43a24d00a1&ucfs=1&from=searchresults;highlight_room=#hotelTmpl,9.6,"Situé à Rouen, le Radisson Blu Hotel, Rouen Centre dispose d'un restaurant servant des plats locaux de haute qualité, d'une salle de sport, d'un bar et d'un salon commun. ",1.09412,49.446441
4,Rouen,49.4404591,1.0939658,8.2,55.75,4.47,54.5,0.5,Clouds,5.3,OK,Le loft d Oscar Hyper centre,https://www.booking.com/hotel/fr/le-loft-d-oscar-rouen.fr.html?label=gen173nr-1FCAEoggI46AdIDVgEaE2IAQGYAQ24AQfIAQzYAQHoAQH4AQKIAgGoAgO4AoOysIMGwAIB0gIkYzcxZTYxZjUtZjhkYS00NWI0LTkwMGUtMGVkODA1MjU3OWQy2AIF4AIB&sid=52e49e294914c8bea0175922cc65b40c&dest_id=-1462807&dest_type=city&group_adults=2&group_children=0&hapos=141&hpos=16&no_rooms=1&sr_order=popularity&srepoch=1617697037&srpvid=e1023a46f1a10173&ucfs=1&from=searchresults;highlight_room=#hotelTmpl,9.6,"Doté d'une terrasse, l'établissement Le loft d Oscar Hyper centre est situé dans le centre-ville de Rouen, à seulement 500 mètres de la cathédrale Notre-Dame. ",1.09631351591111,49.4442717989745
4,Rouen,49.4404591,1.0939658,8.2,55.75,4.47,54.5,0.5,Clouds,5.3,OK,Fiquet de Normanville pour votre bien être en plein coeur historique,https://www.booking.com/hotel/fr/fiquet-de-normanville.fr.html?label=gen173nr-1FCAEoggI46AdIDVgEaE2IAQGYAQ24AQfIAQzYAQHoAQH4AQKIAgGoAgO4AoOysIMGwAIB0gIkYzcxZTYxZjUtZjhkYS00NWI0LTkwMGUtMGVkODA1MjU3OWQy2AIF4AIB&sid=52e49e294914c8bea0175922cc65b40c&dest_id=-1462807&dest_type=city&group_adults=2&group_children=0&hapos=44&hpos=19&no_rooms=1&sr_order=popularity&srepoch=1617697030&srpvid=df1f3a43a24d00a1&ucfs=1&from=searchresults;highlight_room=#hotelTmpl,9.6,"Doté d'une connexion Wi-Fi gratuite et d'une vue sur la ville, le Fiquet de Normanville pour votre bien-être en plein cœur historique est un hébergement situé dans le centre de Rouen, à seulement 700...",1.098049683432,49.442444140509
4,Rouen,49.4404591,1.0939658,8.2,55.75,4.47,54.5,0.5,Clouds,5.3,OK,Appartement Cosy de 25 m2 à 5 min de la Gare de Rouen,https://www.booking.com/hotel/fr/appt-cosy-de-25-m2-a-5-min-de-la-gare.fr.html?label=gen173nr-1FCAEoggI46AdIDVgEaE2IAQGYAQ24AQfIAQzYAQHoAQH4AQKIAgGoAgO4AoOysIMGwAIB0gIkYzcxZTYxZjUtZjhkYS00NWI0LTkwMGUtMGVkODA1MjU3OWQy2AIF4AIB&sid=52e49e294914c8bea0175922cc65b40c&dest_id=-1462807&dest_type=city&group_adults=2&group_children=0&hapos=109&hpos=9&no_rooms=1&sr_order=popularity&srepoch=1617697035&srpvid=82973a452bff012d&ucfs=1&from=searchresults;highlight_room=#hotelTmpl,9.6,"Situé à Rouen, à 1 km de la cathédrale Notre-Dame, l'Appartement Cosy de 25 m2 à 5 min de la Gare de Rouen dispose d'un salon avec une télévision à écran plat et d'une connexion Wi-Fi gratuite. ",1.08934857355,49.448656438483
5,Paris,48.8566969,2.3514616,9.31,41.75,3.17,47.12,0.39,Clouds,4.06,OK,Maison Villeroy,https://www.booking.com/hotel/fr/villeroy-paris.fr.html?label=gen173nr-1FCAEoggI46AdIDVgEaE2IAQGYAQ24AQfIAQzYAQHoAQH4AQKIAgGoAgO4AoOysIMGwAIB0gIkYzcxZTYxZjUtZjhkYS00NWI0LTkwMGUtMGVkODA1MjU3OWQy2AIF4AIB&sid=52e49e294914c8bea0175922cc65b40c&dest_id=-1456928&dest_type=city&group_adults=2&group_children=0&hapos=189&hpos=14&no_rooms=1&sr_order=popularity&srepoch=1617697042&srpvid=da0c3a48a7c20003&ucfs=1&from=searchresults;highlight_room=#hotelTmpl,9.9,"Doté d’un bar, d’un restaurant, d’une salle de sport et d’un parking privé, l’Hôtel Particulier Villeroy propose des hébergements à Paris, à 1,6 km du musée de l'Orangerie. ",2.304762,48.865229
5,Paris,48.8566969,2.3514616,9.31,41.75,3.17,47.12,0.39,Clouds,4.06,OK,Gorgeous Design Apartment 5P - Bastille,https://www.booking.com/hotel/fr/gorgeous-design-apartment-5p-bastille.fr.html?label=gen173nr-1FCAEoggI46AdIDVgEaE2IAQGYAQ24AQfIAQzYAQHoAQH4AQKIAgGoAgO4AoOysIMGwAIB0gIkYzcxZTYxZjUtZjhkYS00NWI0LTkwMGUtMGVkODA1MjU3OWQy2AIF4AIB&sid=52e49e294914c8bea0175922cc65b40c&dest_id=-1456928&dest_type=city&group_adults=2&group_children=0&hapos=884&hpos=9&no_rooms=1&sr_order=popularity&srepoch=1617697084&srpvid=a9643a5d524c0089&ucfs=1&from=searchresults;highlight_room=#hotelTmpl,9.8,"Situé à Paris, à 1,3 km de l'opéra Bastille et à 3 km du centre Pompidou, le Gorgeous Design Apartment 5P - Bastille propose une connexion Wi-Fi gratuite et la climatisation. ",2.3767341,48.8590331
5,Paris,48.8566969,2.3514616,9.31,41.75,3.17,47.12,0.39,Clouds,4.06,OK,166 Suite Roza amazing flat near Notre Dame,https://www.booking.com/hotel/fr/166-suite-roza-amazing-flat-near-notre-dame.fr.html?label=gen173nr-1FCAEoggI46AdIDVgEaE2IAQGYAQ24AQfIAQzYAQHoAQH4AQKIAgGoAgO4AoOysIMGwAIB0gIkYzcxZTYxZjUtZjhkYS00NWI0LTkwMGUtMGVkODA1MjU3OWQy2AIF4AIB&sid=52e49e294914c8bea0175922cc65b40c&dest_id=-1456928&dest_type=city&group_adults=2&group_children=0&hapos=774&hpos=24&no_rooms=1&sr_order=popularity&srepoch=1617697077&srpvid=a1573a5ab9b30001&ucfs=1&from=searchresults;highlight_room=#hotelTmpl,9.7,"Situé à Paris, à 500 mètres du musée du Louvre, le 166 Suite Roza amazing flat near Notre Dame bénéficie d’une réception ouverte 24h/24. ",2.3353753,48.8563512
5,Paris,48.8566969,2.3514616,9.31,41.75,3.17,47.12,0.39,Clouds,4.06,OK,Le Notre Dame - Luxury Apartment with Seine View,https://www.booking.com/hotel/fr/apartment-grands-augustins.fr.html?label=gen173nr-1FCAEoggI46AdIDVgEaE2IAQGYAQ24AQfIAQzYAQHoAQH4AQKIAgGoAgO4AoOysIMGwAIB0gIkYzcxZTYxZjUtZjhkYS00NWI0LTkwMGUtMGVkODA1MjU3OWQy2AIF4AIB&sid=52e49e294914c8bea0175922cc65b40c&dest_id=-1456928&dest_type=city&group_adults=2&group_children=0&hapos=578&hpos=3&no_rooms=1&sr_order=popularity&srepoch=1617697066&srpvid=c7003a543c1c007e&ucfs=1&from=searchresults;highlight_room=#hotelTmpl,9.7,Le Notre Dame - Luxury Apartment with Seine View est un hébergement indépendant situé dans le 6ème arrondissement de Paris. ,2.34200057637872,48.8547578144066
5,Paris,48.8566969,2.3514616,9.31,41.75,3.17,47.12,0.39,Clouds,4.06,OK,Chez Vous ST HONORÉ,https://www.booking.com/hotel/fr/st-honore.fr.html?label=gen173nr-1FCAEoggI46AdIDVgEaE2IAQGYAQ24AQfIAQzYAQHoAQH4AQKIAgGoAgO4AoOysIMGwAIB0gIkYzcxZTYxZjUtZjhkYS00NWI0LTkwMGUtMGVkODA1MjU3OWQy2AIF4AIB&sid=52e49e294914c8bea0175922cc65b40c&dest_id=-1456928&dest_type=city&group_adults=2&group_children=0&hapos=812&hpos=12&no_rooms=1&sr_order=popularity&srepoch=1617697079&srpvid=57ba3a5bda1a00eb&ucfs=1&from=searchresults;highlight_room=#hotelTmpl,9.6,"Situé à Paris, le St Honore propose un hébergement avec connexion Wi-Fi gratuite, à 200 mètres du musée du Louvre, à 1,4 km de Sainte-Chapelle, à 1,7 km du centre Pompidou et à 1,9 km du musée...",2.338453,48.862395
5,Paris,48.8566969,2.3514616,9.31,41.75,3.17,47.12,0.39,Clouds,4.06,OK,LE MARAIS PRESTIGE Luxueux - Cosy - Wifi,https://www.booking.com/hotel/fr/le-marais-prestige.fr.html?label=gen173nr-1FCAEoggI46AdIDVgEaE2IAQGYAQ24AQfIAQzYAQHoAQH4AQKIAgGoAgO4AoOysIMGwAIB0gIkYzcxZTYxZjUtZjhkYS00NWI0LTkwMGUtMGVkODA1MjU3OWQy2AIF4AIB&sid=52e49e294914c8bea0175922cc65b40c&dest_id=-1456928&dest_type=city&group_adults=2&group_children=0&hapos=363&hpos=13&no_rooms=1&sr_order=popularity&srepoch=1617697053&srpvid=66693a4ef28500fb&ucfs=1&from=searchresults;highlight_room=#hotelTmpl,9.6,"Doté d'un jardin et d'une connexion Wi-Fi gratuite, l'établissement LE MARAIS PRESTIGE Luxueux - Cosy - Wifi est situé dans le centre de Paris, à proximité du Centre Pompidou, de la cathédrale...",2.3556057,48.8585607
5,Paris,48.8566969,2.3514616,9.31,41.75,3.17,47.12,0.39,Clouds,4.06,OK,Sourire Boutique Hôtel Particulier,https://www.booking.com/hotel/fr/sourire-b-b.fr.html?label=gen173nr-1FCAEoggI46AdIDVgEaE2IAQGYAQ24AQfIAQzYAQHoAQH4AQKIAgGoAgO4AoOysIMGwAIB0gIkYzcxZTYxZjUtZjhkYS00NWI0LTkwMGUtMGVkODA1MjU3OWQy2AIF4AIB&sid=52e49e294914c8bea0175922cc65b40c&dest_id=-1456928&dest_type=city&group_adults=2&group_children=0&hapos=806&hpos=6&no_rooms=1&sr_order=popularity&srepoch=1617697079&srpvid=57ba3a5bda1a00eb&ucfs=1&from=searchresults;highlight_room=#hotelTmpl,9.6,"Situé à Paris, à 2,4 km de la tour Eiffel, le Sourire Boutique Hôtel Particulier possède une terrasse, un salon commun, un bar et une connexion Wi-Fi gratuite. ",2.27542282943045,48.8551251490439
5,Paris,48.8566969,2.3514616,9.31,41.75,3.17,47.12,0.39,Clouds,4.06,OK,My Opéra,https://www.booking.com/hotel/fr/athene-1.fr.html?label=gen173nr-1FCAEoggI46AdIDVgEaE2IAQGYAQ24AQfIAQzYAQHoAQH4AQKIAgGoAgO4AoOysIMGwAIB0gIkYzcxZTYxZjUtZjhkYS00NWI0LTkwMGUtMGVkODA1MjU3OWQy2AIF4AIB&sid=52e49e294914c8bea0175922cc65b40c&dest_id=-1456928&dest_type=city&group_adults=2&group_children=0&hapos=945&hpos=20&no_rooms=1&sr_order=popularity&srepoch=1617697087&srpvid=2a1b3a5ff2f6003d&ucfs=1&from=searchresults;highlight_room=#hotelTmpl,9.6,"Le My Opéra est situé dans le 9ème arr. Le quartier de Paris se trouve à 1,8 km du Sacré-Cœur, à 1,9 km du musée de l'Orangerie et à 2,3 km de la salle de concert La Cigale. ",2.3273697,48.8781902
5,Paris,48.8566969,2.3514616,9.31,41.75,3.17,47.12,0.39,Clouds,4.06,OK,Marais Lovely,https://www.booking.com/hotel/fr/marais-confort-beaubourg.fr.html?label=gen173nr-1FCAEoggI46AdIDVgEaE2IAQGYAQ24AQfIAQzYAQHoAQH4AQKIAgGoAgO4AoOysIMGwAIB0gIkYzcxZTYxZjUtZjhkYS00NWI0LTkwMGUtMGVkODA1MjU3OWQy2AIF4AIB&sid=52e49e294914c8bea0175922cc65b40c&dest_id=-1456928&dest_type=city&group_adults=2&group_children=0&hapos=948&hpos=23&no_rooms=1&sr_order=popularity&srepoch=1617697087&srpvid=2a1b3a5ff2f6003d&ucfs=1&from=searchresults;highlight_room=#hotelTmpl,9.6,"Situé à Paris, à proximité du Centre Pompidou, de Sainte-Chapelle et de la cathédrale Notre-Dame, le Marais Lovely propose une connexion Wi-Fi gratuite. ",2.3521496,48.8592461
5,Paris,48.8566969,2.3514616,9.31,41.75,3.17,47.12,0.39,Clouds,4.06,OK,Grand studio 45m2 Auteuil Paris XVl ème,https://www.booking.com/hotel/fr/grand-studio-45m2-auteuil-paris-xvl-eme.fr.html?label=gen173nr-1FCAEoggI46AdIDVgEaE2IAQGYAQ24AQfIAQzYAQHoAQH4AQKIAgGoAgO4AoOysIMGwAIB0gIkYzcxZTYxZjUtZjhkYS00NWI0LTkwMGUtMGVkODA1MjU3OWQy2AIF4AIB&sid=52e49e294914c8bea0175922cc65b40c&dest_id=-1456928&dest_type=city&group_adults=2&group_children=0&hapos=855&hpos=5&no_rooms=1&sr_order=popularity&srepoch=1617697082&srpvid=77b23a5d0da300ee&ucfs=1&from=searchresults;highlight_room=#hotelTmpl,9.6,"Doté d'un jardin, le Grand studio 45m2 Auteuil Paris XVl ème se trouve à Paris, à 700 mètres du Parc des Princes et à 2,3 km du parc des expositions de la porte de Versailles. ",2.2605574,48.8450141
10,Colmar,48.0777517,7.3579641,8.68,55.5,3.71,74.25,0.49,Clouds,18.85,OK,Appartement Magnîolia proche centre Ville,https://www.booking.com/hotel/fr/gite-magniolia-colmar1.fr.html?label=gen173nr-1FCAEoggI46AdIDVgEaE2IAQGYAQ24AQfIAQzYAQHoAQH4AQKIAgGoAgO4AoOysIMGwAIB0gIkYzcxZTYxZjUtZjhkYS00NWI0LTkwMGUtMGVkODA1MjU3OWQy2AIF4AIB&sid=52e49e294914c8bea0175922cc65b40c&dest_id=-1421049&dest_type=city&group_adults=2&group_children=0&hapos=164&hpos=14&no_rooms=1&sr_order=popularity&srepoch=1617697039&srpvid=bfff3a47d60600c3&ucfs=1&from=searchresults;highlight_room=#hotelTmpl,9.8,"Situé à Colmar, à seulement 1 km de la collégiale Saint-Martin, l'Appartement Magnîolia proche centre Ville propose un hébergement avec vue sur la ville. ",7.366032003704,48.079894192905
10,Colmar,48.0777517,7.3579641,8.68,55.5,3.71,74.25,0.49,Clouds,18.85,OK,Au Grenier de La Grenouille,https://www.booking.com/hotel/fr/au-grenier-de-la-grenouille.fr.html?label=gen173nr-1FCAEoggI46AdIDVgEaE2IAQGYAQ24AQfIAQzYAQHoAQH4AQKIAgGoAgO4AoOysIMGwAIB0gIkYzcxZTYxZjUtZjhkYS00NWI0LTkwMGUtMGVkODA1MjU3OWQy2AIF4AIB&sid=52e49e294914c8bea0175922cc65b40c&dest_id=-1421049&dest_type=city&group_adults=2&group_children=0&hapos=156&hpos=6&no_rooms=1&sr_order=popularity&srepoch=1617697039&srpvid=bfff3a47d60600c3&ucfs=1&from=searchresults;highlight_room=#hotelTmpl,9.8,"Doté d'une connexion Wi-Fi gratuite et offrant une vue sur la ville, l'établissement Au Grenier de La Grenouille est situé dans le centre de Colmar, à seulement 1,3 km de la collégiale Saint-Martin et...",7.361845873896,48.077216381628
10,Colmar,48.0777517,7.3579641,8.68,55.5,3.71,74.25,0.49,Clouds,18.85,OK,Studio-mathias-colmar,https://www.booking.com/hotel/fr/hrc-studio-mathias-colmar.fr.html?label=gen173nr-1FCAEoggI46AdIDVgEaE2IAQGYAQ24AQfIAQzYAQHoAQH4AQKIAgGoAgO4AoOysIMGwAIB0gIkYzcxZTYxZjUtZjhkYS00NWI0LTkwMGUtMGVkODA1MjU3OWQy2AIF4AIB&sid=52e49e294914c8bea0175922cc65b40c&dest_id=-1421049&dest_type=city&group_adults=2&group_children=0&hapos=290&hpos=15&no_rooms=1&sr_order=popularity&srepoch=1617697046&srpvid=b9243a4b59890096&ucfs=1&from=searchresults;highlight_room=#hotelTmpl,9.8,"Doté d'une connexion Wi-Fi et d'un parking privé gratuits, le Studio-mathias-colmar est situé à Colmar, à seulement 600 mètres de la Maison des Têtes. ",7.36120475582,48.081140893853
10,Colmar,48.0777517,7.3579641,8.68,55.5,3.71,74.25,0.49,Clouds,18.85,OK,Commanderie Cottage Colmar,https://www.booking.com/hotel/fr/commanderie-cottage-colmar.fr.html?label=gen173nr-1FCAEoggI46AdIDVgEaE2IAQGYAQ24AQfIAQzYAQHoAQH4AQKIAgGoAgO4AoOysIMGwAIB0gIkYzcxZTYxZjUtZjhkYS00NWI0LTkwMGUtMGVkODA1MjU3OWQy2AIF4AIB&sid=52e49e294914c8bea0175922cc65b40c&dest_id=-1421049&dest_type=city&group_adults=2&group_children=0&hapos=286&hpos=11&no_rooms=1&sr_order=popularity&srepoch=1617697046&srpvid=b9243a4b59890096&ucfs=1&from=searchresults;highlight_room=#hotelTmpl,9.8,"Doté d'une connexion Wi-Fi gratuite et offrant une vue sur le jardin, le Commanderie Cottage Colmar est un hébergement situé au cœur de Colmar, à seulement 300 mètres de la petite Venise de Colmar et...",7.35700246137696,48.0747471342006
10,Colmar,48.0777517,7.3579641,8.68,55.5,3.71,74.25,0.49,Clouds,18.85,OK,Les Colombages,https://www.booking.com/hotel/fr/les-colmbages.fr.html?label=gen173nr-1FCAEoggI46AdIDVgEaE2IAQGYAQ24AQfIAQzYAQHoAQH4AQKIAgGoAgO4AoOysIMGwAIB0gIkYzcxZTYxZjUtZjhkYS00NWI0LTkwMGUtMGVkODA1MjU3OWQy2AIF4AIB&sid=52e49e294914c8bea0175922cc65b40c&dest_id=-1421049&dest_type=city&group_adults=2&group_children=0&hapos=210&hpos=10&no_rooms=1&sr_order=popularity&srepoch=1617697042&srpvid=1f7e3a4866de00b1&ucfs=1&from=searchresults;highlight_room=#hotelTmpl,9.8,"Doté d'une connexion Wi-Fi gratuite, l'appartement Les Colombages est situé à Colmar, à 1,9 km de la collégiale Saint-Martin, à 2,2 km de la Maison des Têtes et à 3,9 km du parc des expositions Colmar...",7.35806208103895,48.0733342786727
10,Colmar,48.0777517,7.3579641,8.68,55.5,3.71,74.25,0.49,Clouds,18.85,OK,Wine Lovers Cottage,https://www.booking.com/hotel/fr/wine-lovers-cottage.fr.html?label=gen173nr-1FCAEoggI46AdIDVgEaE2IAQGYAQ24AQfIAQzYAQHoAQH4AQKIAgGoAgO4AoOysIMGwAIB0gIkYzcxZTYxZjUtZjhkYS00NWI0LTkwMGUtMGVkODA1MjU3OWQy2AIF4AIB&sid=52e49e294914c8bea0175922cc65b40c&dest_id=-1421049&dest_type=city&group_adults=2&group_children=0&hapos=59&hpos=9&no_rooms=1&sr_order=popularity&srepoch=1617697032&srpvid=f6263a441cba0003&ucfs=1&from=searchresults;highlight_room=#hotelTmpl,9.8,"Située à Colmar, à 3 km de la Maison des Têtes et à 3,5 km de la collégiale Saint-Martin, la villa Wine Lovers Cottage vous propose des hébergements dotés d'une connexion Wi-Fi gratuite, de la...",7.34651741268922,48.0596905938651
10,Colmar,48.0777517,7.3579641,8.68,55.5,3.71,74.25,0.49,Clouds,18.85,OK,Gite BI UNS chez Silvana,https://www.booking.com/hotel/fr/gite-bi-uns-chez-silvana.fr.html?label=gen173nr-1FCAEoggI46AdIDVgEaE2IAQGYAQ24AQfIAQzYAQHoAQH4AQKIAgGoAgO4AoOysIMGwAIB0gIkYzcxZTYxZjUtZjhkYS00NWI0LTkwMGUtMGVkODA1MjU3OWQy2AIF4AIB&sid=52e49e294914c8bea0175922cc65b40c&dest_id=-1421049&dest_type=city&group_adults=2&group_children=0&hapos=258&hpos=8&no_rooms=1&sr_order=popularity&srepoch=1617697045&srpvid=75263a4a4684018e&ucfs=1&from=searchresults;highlight_room=#hotelTmpl,9.8,"Situé à Colmar, à seulement 400 mètres de la collégiale Saint-Martin, le Gite BI UNS chez Silvana propose un hébergement avec vue sur la ville. ",7.356187915344,48.077486422525
10,Colmar,48.0777517,7.3579641,8.68,55.5,3.71,74.25,0.49,Clouds,18.85,OK,L'Ourson,https://www.booking.com/hotel/fr/ourson-colmar.fr.html?label=gen173nr-1FCAEoggI46AdIDVgEaE2IAQGYAQ24AQfIAQzYAQHoAQH4AQKIAgGoAgO4AoOysIMGwAIB0gIkYzcxZTYxZjUtZjhkYS00NWI0LTkwMGUtMGVkODA1MjU3OWQy2AIF4AIB&sid=52e49e294914c8bea0175922cc65b40c&dest_id=-1421049&dest_type=city&group_adults=2&group_children=0&hapos=75&hpos=25&no_rooms=1&sr_order=popularity&srepoch=1617697032&srpvid=f6263a441cba0003&ucfs=1&from=searchresults;highlight_room=#hotelTmpl,9.8,"Occupant un bâtiment construit en 1903, L’Ourson propose un hébergement doté d’une connexion Wi-Fi gratuite et offrant une vue sur la ville dans le centre de Colmar, à seulement 1,1 km de la...",7.36451379999994,48.0780983
10,Colmar,48.0777517,7.3579641,8.68,55.5,3.71,74.25,0.49,Clouds,18.85,OK,Reflets Sur La Lauch appartements,https://www.booking.com/hotel/fr/reflets-sur-la-lauch.fr.html?label=gen173nr-1FCAEoggI46AdIDVgEaE2IAQGYAQ24AQfIAQzYAQHoAQH4AQKIAgGoAgO4AoOysIMGwAIB0gIkYzcxZTYxZjUtZjhkYS00NWI0LTkwMGUtMGVkODA1MjU3OWQy2AIF4AIB&sid=52e49e294914c8bea0175922cc65b40c&dest_id=-1421049&dest_type=city&group_adults=2&group_children=0&hapos=15&hpos=15&no_rooms=1&sr_order=popularity&srepoch=1617697029&srpvid=66eb3a42c0a400c3&ucfs=1&from=searchresults;highlight_room=#hotelTmpl,9.8,"Doté d'une connexion Wi-Fi gratuite, l'établissement Reflets Sur La Lauch propose des hébergements offrant une vue sur la rivière Lauch, situés à proximité de la petite Venise de Colmar. ",7.3574744,48.0738774
10,Colmar,48.0777517,7.3579641,8.68,55.5,3.71,74.25,0.49,Clouds,18.85,OK,LE 19 KLEBER,https://www.booking.com/hotel/fr/le-19-kleber.fr.html?label=gen173nr-1FCAEoggI46AdIDVgEaE2IAQGYAQ24AQfIAQzYAQHoAQH4AQKIAgGoAgO4AoOysIMGwAIB0gIkYzcxZTYxZjUtZjhkYS00NWI0LTkwMGUtMGVkODA1MjU3OWQy2AIF4AIB&sid=52e49e294914c8bea0175922cc65b40c&dest_id=-1421049&dest_type=city&group_adults=2&group_children=0&hapos=87&hpos=12&no_rooms=1&sr_order=popularity&srepoch=1617697034&srpvid=82dc3a45d17f0068&ucfs=1&from=searchresults;highlight_room=#hotelTmpl,9.8,"Situé à Colmar, à seulement 100 mètres de la Maison des Têtes, l'établissement LE 19 KLEBER propose un hébergement avec vue sur la ville. ",7.354929728836,48.079111152315
11,Eguisheim,48.0447968,7.3079618,8.7,55.62,3.63,74.75,0.49,Clouds,9.21,OK,GITE LE COQ ROUGE,https://www.booking.com/hotel/fr/gite-le-coq-rouge.fr.html?label=gen173nr-1FCAEoggI46AdIDVgEaE2IAQGYAQ24AQfIAQzYAQHoAQH4AQKIAgGoAgO4AoOysIMGwAIB0gIkYzcxZTYxZjUtZjhkYS00NWI0LTkwMGUtMGVkODA1MjU3OWQy2AIF4AIB&sid=52e49e294914c8bea0175922cc65b40c&dest_id=-1425030&dest_type=city&group_adults=2&group_children=0&hapos=13&hpos=13&no_rooms=1&sr_order=popularity&srepoch=1617697029&srpvid=88ae3a42c9e900f2&ucfs=1&from=searchresults;highlight_room=#hotelTmpl,9.9,"Offrant une vue sur le jardin, le GITE LE COQ ROUGE propose un hébergement avec un jardin et une terrasse, à environ 300 mètres du marché de Noël d'Eguisheim. ",7.305692795701,48.041709111813
11,Eguisheim,48.0447968,7.3079618,8.7,55.62,3.63,74.75,0.49,Clouds,9.21,OK,La Grange de Madeleine,https://www.booking.com/hotel/fr/la-grange-de-madeleine.fr.html?label=gen173nr-1FCAEoggI46AdIDVgEaE2IAQGYAQ24AQfIAQzYAQHoAQH4AQKIAgGoAgO4AoOysIMGwAIB0gIkYzcxZTYxZjUtZjhkYS00NWI0LTkwMGUtMGVkODA1MjU3OWQy2AIF4AIB&sid=52e49e294914c8bea0175922cc65b40c&dest_id=-1425030&dest_type=city&group_adults=2&group_children=0&hapos=17&hpos=17&no_rooms=1&sr_order=popularity&srepoch=1617697029&srpvid=88ae3a42c9e900f2&ucfs=1&from=searchresults;highlight_room=#hotelTmpl,9.8,La Grange de Madeleine est située à Eguisheim. Cet hébergement climatisé se trouve à moins de 1 km du marché de Noël d'Eguisheim. ,7.3065467,48.0417829
11,Eguisheim,48.0447968,7.3079618,8.7,55.62,3.63,74.75,0.49,Clouds,9.21,OK,Fleur de Vigne,https://www.booking.com/hotel/fr/fleur-de-vignes-eguisheim.fr.html?label=gen173nr-1FCAEoggI46AdIDVgEaE2IAQGYAQ24AQfIAQzYAQHoAQH4AQKIAgGoAgO4AoOysIMGwAIB0gIkYzcxZTYxZjUtZjhkYS00NWI0LTkwMGUtMGVkODA1MjU3OWQy2AIF4AIB&sid=52e49e294914c8bea0175922cc65b40c&dest_id=-1425030&dest_type=city&group_adults=2&group_children=0&hapos=16&hpos=16&no_rooms=1&sr_order=popularity&srepoch=1617697029&srpvid=88ae3a42c9e900f2&ucfs=1&from=searchresults;highlight_room=#hotelTmpl,9.7,"Le Fleur de Vigne est situé à environ 800 mètres du marché de Noël d'Eguisheim. Donnant sur la montagne, cet appartement bénéficie d’un jardin sur lequel il offre des vues. ",7.3051632,48.0461134
11,Eguisheim,48.0447968,7.3079618,8.7,55.62,3.63,74.75,0.49,Clouds,9.21,OK,Gîte Nature à Eguisheim,https://www.booking.com/hotel/fr/gite-nature-a-eguisheim.fr.html?label=gen173nr-1FCAEoggI46AdIDVgEaE2IAQGYAQ24AQfIAQzYAQHoAQH4AQKIAgGoAgO4AoOysIMGwAIB0gIkYzcxZTYxZjUtZjhkYS00NWI0LTkwMGUtMGVkODA1MjU3OWQy2AIF4AIB&sid=52e49e294914c8bea0175922cc65b40c&dest_id=-1425030&dest_type=city&group_adults=2&group_children=0&hapos=20&hpos=20&no_rooms=1&sr_order=popularity&srepoch=1617697029&srpvid=88ae3a42c9e900f2&ucfs=1&from=searchresults;highlight_room=#hotelTmpl,9.6,"Situé à Eguisheim, à 400 mètres du marché de Noël, le Gîte Nature à Eguisheim propose un hébergement climatisé avec un balcon et une connexion Wi-Fi gratuite. Il offre une vue sur la ville. ",7.3044255,48.0427072
11,Eguisheim,48.0447968,7.3079618,8.7,55.62,3.63,74.75,0.49,Clouds,9.21,OK,"4 bedrooms luxury appartment for 10p in Eguisheim, 10 mn from Colmar",https://www.booking.com/hotel/fr/4-bedrooms-luxury-appartment-for-10p-in-eguisheim-10-mn-from-colmar.fr.html?label=gen173nr-1FCAEoggI46AdIDVgEaE2IAQGYAQ24AQfIAQzYAQHoAQH4AQKIAgGoAgO4AoOysIMGwAIB0gIkYzcxZTYxZjUtZjhkYS00NWI0LTkwMGUtMGVkODA1MjU3OWQy2AIF4AIB&sid=52e49e294914c8bea0175922cc65b40c&dest_id=-1425030&dest_type=city&group_adults=2&group_children=0&hapos=23&hpos=23&no_rooms=1&sr_order=popularity&srepoch=1617697029&srpvid=88ae3a42c9e900f2&ucfs=1&from=searchresults;highlight_room=#hotelTmpl,9.6,"Situé à Eguisheim, à 10 mn de Colmar, au cœur du marché de Noël d'Eguisheim, l'établissement 4 bedrooms luxury apartment for 10 p offre une vue sur la ville. ",7.3055657,48.0426719
11,Eguisheim,48.0447968,7.3079618,8.7,55.62,3.63,74.75,0.49,Clouds,9.21,OK,Appartement Edelweiss,https://www.booking.com/hotel/fr/appartement-edelweiss-eguisheim.fr.html?label=gen173nr-1FCAEoggI46AdIDVgEaE2IAQGYAQ24AQfIAQzYAQHoAQH4AQKIAgGoAgO4AoOysIMGwAIB0gIkYzcxZTYxZjUtZjhkYS00NWI0LTkwMGUtMGVkODA1MjU3OWQy2AIF4AIB&sid=52e49e294914c8bea0175922cc65b40c&dest_id=-1425030&dest_type=city&group_adults=2&group_children=0&hapos=42&hpos=17&no_rooms=1&sr_order=popularity&srepoch=1617697031&srpvid=18083a43fb28015e&ucfs=1&from=searchresults;highlight_room=#hotelTmpl,9.6,"Situé à Eguisheim, à 600 mètres du marché de Noël d'Eguisheim, l'Appartement Edelweiss propose un hébergement avec une terrasse, une connexion Wi-Fi gratuite et un distributeur automatique de billets....",7.30522192324838,48.0432354379764
11,Eguisheim,48.0447968,7.3079618,8.7,55.62,3.63,74.75,0.49,Clouds,9.21,OK,Elsass Design Hygge,https://www.booking.com/hotel/fr/elsass-design-hygge.fr.html?label=gen173nr-1FCAEoggI46AdIDVgEaE2IAQGYAQ24AQfIAQzYAQHoAQH4AQKIAgGoAgO4AoOysIMGwAIB0gIkYzcxZTYxZjUtZjhkYS00NWI0LTkwMGUtMGVkODA1MjU3OWQy2AIF4AIB&sid=52e49e294914c8bea0175922cc65b40c&dest_id=-1425030&dest_type=city&group_adults=2&group_children=0&hapos=7&hpos=7&no_rooms=1&sr_order=popularity&srepoch=1617697029&srpvid=88ae3a42c9e900f2&ucfs=1&from=searchresults;highlight_room=#hotelTmpl,9.5,"Situé à Eguisheim, l'Elsass Design Hygge propose un service de prêt de vélos, une connexion Wi-Fi gratuite et une vue sur la ville. ",7.304598,48.04203
11,Eguisheim,48.0447968,7.3079618,8.7,55.62,3.63,74.75,0.49,Clouds,9.21,OK,"Gîte ""Smart'In""",https://www.booking.com/hotel/fr/gite-quot-smart-39-in-quot.fr.html?label=gen173nr-1FCAEoggI46AdIDVgEaE2IAQGYAQ24AQfIAQzYAQHoAQH4AQKIAgGoAgO4AoOysIMGwAIB0gIkYzcxZTYxZjUtZjhkYS00NWI0LTkwMGUtMGVkODA1MjU3OWQy2AIF4AIB&sid=52e49e294914c8bea0175922cc65b40c&dest_id=-1425030&dest_type=city&group_adults=2&group_children=0&hapos=29&hpos=4&no_rooms=1&sr_order=popularity&srepoch=1617697031&srpvid=18083a43fb28015e&ucfs=1&from=searchresults;highlight_room=#hotelTmpl,9.5,"Le Gîte ""Smart'In"" propose un hébergement à Eguisheim, à 200 mètres du marché de Noël. Offrant une vue sur la ville et la montagne, cet appartement dispose également d'une connexion Wi-Fi gratuite. ",7.30585561660234,48.0423196834042
11,Eguisheim,48.0447968,7.3079618,8.7,55.62,3.63,74.75,0.49,Clouds,9.21,OK,Gîte au château fleuri,https://www.booking.com/hotel/fr/gite-au-chateau-fleuri.fr.html?label=gen173nr-1FCAEoggI46AdIDVgEaE2IAQGYAQ24AQfIAQzYAQHoAQH4AQKIAgGoAgO4AoOysIMGwAIB0gIkYzcxZTYxZjUtZjhkYS00NWI0LTkwMGUtMGVkODA1MjU3OWQy2AIF4AIB&sid=52e49e294914c8bea0175922cc65b40c&dest_id=-1425030&dest_type=city&group_adults=2&group_children=0&hapos=26&hpos=1&no_rooms=1&sr_order=popularity&srepoch=1617697031&srpvid=18083a43fb28015e&ucfs=1&from=searchresults;highlight_room=#hotelTmpl,9.5,"Situé à Eguisheim, en Alsace, à proximité du marché de Noël d'Eguisheim, le Gîte au château fleuri propose un hébergement avec connexion Wi-Fi et parking privé gratuits. ",7.30672,48.042875
11,Eguisheim,48.0447968,7.3079618,8.7,55.62,3.63,74.75,0.49,Clouds,9.21,OK,Studio Eguisheim,https://www.booking.com/hotel/fr/studio-eguisheim.fr.html?label=gen173nr-1FCAEoggI46AdIDVgEaE2IAQGYAQ24AQfIAQzYAQHoAQH4AQKIAgGoAgO4AoOysIMGwAIB0gIkYzcxZTYxZjUtZjhkYS00NWI0LTkwMGUtMGVkODA1MjU3OWQy2AIF4AIB&sid=52e49e294914c8bea0175922cc65b40c&dest_id=-1425030&dest_type=city&group_adults=2&group_children=0&hapos=33&hpos=8&no_rooms=1&sr_order=popularity&srepoch=1617697031&srpvid=18083a43fb28015e&ucfs=1&from=searchresults;highlight_room=#hotelTmpl,9.4,"Situé à Eguisheim, en Alsace, le Studio Eguisheim dispose d'un balcon. Cet hébergement climatisé se trouve à 1,3 km du marché de Noël d'Eguisheim. ",7.31329149999999,48.0476831
19,Cassis,43.2140359,5.5396318,13.07,51.0,7.65,46.25,0.24,Clear,8.87,OK,Les Mimosas,https://www.booking.com/hotel/fr/les-mimosas-cassis.fr.html?label=gen173nr-1FCAEoggI46AdIDVgEaE2IAQGYAQ24AQfIAQzYAQHoAQH4AQKIAgGoAgO4AoOysIMGwAIB0gIkYzcxZTYxZjUtZjhkYS00NWI0LTkwMGUtMGVkODA1MjU3OWQy2AIF4AIB&sid=52e49e294914c8bea0175922cc65b40c&dest_id=-1416912&dest_type=city&from_beach_non_key_ufi_sr=1&group_adults=2&group_children=0&hapos=224&hpos=24&no_rooms=1&sr_order=popularity&srepoch=1617697042&srpvid=74673a4846300092&ucfs=1&from=searchresults;highlight_room=#hotelTmpl,9.8,"Offrant une vue sur le jardin, l'établissement Les Mimosas propose un hébergement avec un jardin et une terrasse, à environ 5 km du cap Canaille. ",5.54055471349182,43.2156087020077
19,Cassis,43.2140359,5.5396318,13.07,51.0,7.65,46.25,0.24,Clear,8.87,OK,T2 VUE IMPRENABLE SUR CASSIS,https://www.booking.com/hotel/fr/t2-vue-imprenable-sur-cassis.fr.html?label=gen173nr-1FCAEoggI46AdIDVgEaE2IAQGYAQ24AQfIAQzYAQHoAQH4AQKIAgGoAgO4AoOysIMGwAIB0gIkYzcxZTYxZjUtZjhkYS00NWI0LTkwMGUtMGVkODA1MjU3OWQy2AIF4AIB&sid=52e49e294914c8bea0175922cc65b40c&dest_id=-1416912&dest_type=city&from_beach_non_key_ufi_sr=1&group_adults=2&group_children=0&hapos=215&hpos=15&no_rooms=1&sr_order=popularity&srepoch=1617697042&srpvid=74673a4846300092&ucfs=1&from=searchresults;highlight_room=#hotelTmpl,9.8,"Situé à Cassis, à 300 mètres de Bestouan, le T2 VUE IMPRENABLE SUR CASSIS propose un hébergement avec un casino, une connexion Wi-Fi gratuite et une cuisine commune. ",5.534772758342,43.214622142862
19,Cassis,43.2140359,5.5396318,13.07,51.0,7.65,46.25,0.24,Clear,8.87,OK,THE ADDRESS CASSIS,https://www.booking.com/hotel/fr/the-address-cassis.fr.html?label=gen173nr-1FCAEoggI46AdIDVgEaE2IAQGYAQ24AQfIAQzYAQHoAQH4AQKIAgGoAgO4AoOysIMGwAIB0gIkYzcxZTYxZjUtZjhkYS00NWI0LTkwMGUtMGVkODA1MjU3OWQy2AIF4AIB&sid=52e49e294914c8bea0175922cc65b40c&dest_id=-1416912&dest_type=city&from_beach_non_key_ufi_sr=1&group_adults=2&group_children=0&hapos=17&hpos=17&no_rooms=1&sr_order=popularity&srepoch=1617697029&srpvid=6d1e3a42729a0049&ucfs=1&from=searchresults;highlight_room=#hotelTmpl,9.8,"Situé à Cassis, à 1,1 km du Bestouan, l’ADDRESS CASSIS propose un restaurant, un bar, un parking privé gratuit et une piscine extérieure. et d’un salon commun. ",5.54109,43.220408
19,Cassis,43.2140359,5.5396318,13.07,51.0,7.65,46.25,0.24,Clear,8.87,OK,Puerta Del Sol,https://www.booking.com/hotel/fr/puerta-del-sol.fr.html?label=gen173nr-1FCAEoggI46AdIDVgEaE2IAQGYAQ24AQfIAQzYAQHoAQH4AQKIAgGoAgO4AoOysIMGwAIB0gIkYzcxZTYxZjUtZjhkYS00NWI0LTkwMGUtMGVkODA1MjU3OWQy2AIF4AIB&sid=52e49e294914c8bea0175922cc65b40c&dest_id=-1416912&dest_type=city&from_beach_non_key_ufi_sr=1&group_adults=2&group_children=0&hapos=157&hpos=7&no_rooms=1&sr_order=popularity&srepoch=1617697039&srpvid=3c923a47af1600fe&ucfs=1&from=searchresults;highlight_room=#hotelTmpl,9.7,"Situé à Cassis, le Puerta Del Sol propose un hébergement climatisé avec un balcon. ",5.53168099999994,43.228507
19,Cassis,43.2140359,5.5396318,13.07,51.0,7.65,46.25,0.24,Clear,8.87,OK,Idéal appart 4 pers Clim Parking privé 200 m plage,https://www.booking.com/hotel/fr/ideal-appart-4-pers-clim-parking-prive-200-m-plage.fr.html?label=gen173nr-1FCAEoggI46AdIDVgEaE2IAQGYAQ24AQfIAQzYAQHoAQH4AQKIAgGoAgO4AoOysIMGwAIB0gIkYzcxZTYxZjUtZjhkYS00NWI0LTkwMGUtMGVkODA1MjU3OWQy2AIF4AIB&sid=52e49e294914c8bea0175922cc65b40c&dest_id=-1416912&dest_type=city&from_beach_non_key_ufi_sr=1&group_adults=2&group_children=0&hapos=108&hpos=8&no_rooms=1&sr_order=popularity&srepoch=1617697036&srpvid=97963a458196001c&ucfs=1&from=searchresults;highlight_room=#hotelTmpl,9.7,"Situé à Cassis, l'Idéal appart 4 pers Clim Parking privé 200 m plage propose un hébergement climatisé doté d'un balcon. ",5.541951597112,43.213494700102
19,Cassis,43.2140359,5.5396318,13.07,51.0,7.65,46.25,0.24,Clear,8.87,OK,CASSIS CENTER,https://www.booking.com/hotel/fr/cassis-center.fr.html?label=gen173nr-1FCAEoggI46AdIDVgEaE2IAQGYAQ24AQfIAQzYAQHoAQH4AQKIAgGoAgO4AoOysIMGwAIB0gIkYzcxZTYxZjUtZjhkYS00NWI0LTkwMGUtMGVkODA1MjU3OWQy2AIF4AIB&sid=52e49e294914c8bea0175922cc65b40c&dest_id=-1416912&dest_type=city&from_beach_non_key_ufi_sr=1&group_adults=2&group_children=0&hapos=99&hpos=24&no_rooms=1&sr_order=popularity&srepoch=1617697034&srpvid=6d1e3a457282005a&ucfs=1&from=searchresults;highlight_room=#hotelTmpl,9.6,"Situé à Cassis, à moins de 1 km de Bestouan et à 5 km du cap Canaille, le CASSIS CENTER propose un hébergement climatisé avec une terrasse et une connexion Wi-Fi gratuite. ",5.542307,43.2150963
19,Cassis,43.2140359,5.5396318,13.07,51.0,7.65,46.25,0.24,Clear,8.87,OK,"""Côté Charlemagne"" Centre-ville Garage Piscine Terrasse",https://www.booking.com/hotel/fr/studio-le-club-cassis1.fr.html?label=gen173nr-1FCAEoggI46AdIDVgEaE2IAQGYAQ24AQfIAQzYAQHoAQH4AQKIAgGoAgO4AoOysIMGwAIB0gIkYzcxZTYxZjUtZjhkYS00NWI0LTkwMGUtMGVkODA1MjU3OWQy2AIF4AIB&sid=52e49e294914c8bea0175922cc65b40c&dest_id=-1416912&dest_type=city&from_beach_non_key_ufi_sr=1&group_adults=2&group_children=0&hapos=40&hpos=15&no_rooms=1&sr_order=popularity&srepoch=1617697031&srpvid=ca543a4322310123&ucfs=1&from=searchresults;highlight_room=#hotelTmpl,9.6,"Situé à Cassis, l'hébergement climatisé ""Côté Charlemagne"" Centre-ville Garage Piscine Terrasse offre une vue sur sa piscine privée et dispose d'une terrasse. ",5.53864412537838,43.2179547375531
19,Cassis,43.2140359,5.5396318,13.07,51.0,7.65,46.25,0.24,Clear,8.87,OK,Villa le sud appartements,https://www.booking.com/hotel/fr/villa-le-sud-cassis1.fr.html?label=gen173nr-1FCAEoggI46AdIDVgEaE2IAQGYAQ24AQfIAQzYAQHoAQH4AQKIAgGoAgO4AoOysIMGwAIB0gIkYzcxZTYxZjUtZjhkYS00NWI0LTkwMGUtMGVkODA1MjU3OWQy2AIF4AIB&sid=52e49e294914c8bea0175922cc65b40c&dest_id=-1416912&dest_type=city&from_beach_non_key_ufi_sr=1&group_adults=2&group_children=0&hapos=231&hpos=6&no_rooms=1&sr_order=popularity&srepoch=1617697043&srpvid=a1573a49a6f000df&ucfs=1&from=searchresults;highlight_room=#hotelTmpl,9.6,"Doté d'un jardin, d'une terrasse et d'une piscine commune, l'établissement Villa le sud appartements vous accueille à Cassis, à 4,4 km du Cap Canaille. ",5.55305,43.233049
19,Cassis,43.2140359,5.5396318,13.07,51.0,7.65,46.25,0.24,Clear,8.87,OK,SunRise Cassis,https://www.booking.com/hotel/fr/sunrise-cassis.fr.html?label=gen173nr-1FCAEoggI46AdIDVgEaE2IAQGYAQ24AQfIAQzYAQHoAQH4AQKIAgGoAgO4AoOysIMGwAIB0gIkYzcxZTYxZjUtZjhkYS00NWI0LTkwMGUtMGVkODA1MjU3OWQy2AIF4AIB&sid=52e49e294914c8bea0175922cc65b40c&dest_id=-1416912&dest_type=city&from_beach_non_key_ufi_sr=1&group_adults=2&group_children=0&hapos=67&hpos=17&no_rooms=1&sr_order=popularity&srepoch=1617697033&srpvid=5bac3a44c1ac0061&ucfs=1&from=searchresults;highlight_room=#hotelTmpl,9.6,"Situé à Cassis, à moins de 400 mètres de Bestouan et à 6 km du cap Canaille, le SunRise Cassis propose un hébergement avec une connexion Wi-Fi gratuite, la climatisation, un jardin et un casino. ",5.535681865746,43.215219077059
19,Cassis,43.2140359,5.5396318,13.07,51.0,7.65,46.25,0.24,Clear,8.87,OK,Guest House Olivades,https://www.booking.com/hotel/fr/guest-house-olivades.fr.html?label=gen173nr-1FCAEoggI46AdIDVgEaE2IAQGYAQ24AQfIAQzYAQHoAQH4AQKIAgGoAgO4AoOysIMGwAIB0gIkYzcxZTYxZjUtZjhkYS00NWI0LTkwMGUtMGVkODA1MjU3OWQy2AIF4AIB&sid=52e49e294914c8bea0175922cc65b40c&dest_id=-1416912&dest_type=city&from_beach_non_key_ufi_sr=1&group_adults=2&group_children=0&hapos=89&hpos=14&no_rooms=1&sr_order=popularity&srepoch=1617697034&srpvid=6d1e3a457282005a&ucfs=1&from=searchresults;highlight_room=#hotelTmpl,9.6,"Situé à Cassis, le Guest House Olivades dispose d’un jardin, d’une terrasse et d’une connexion Wi-Fi gratuite. Vous pourrez profiter d’une vue sur la piscine. Bestouan se trouve à 2,8 km. ",5.553046,43.233049
20,Marseille,43.2961743,5.3699525,12.83,50.75,8.16,45.12,0.23,Clear,8.7,OK,Luxury Rental Marseille Imperial - Rue de la République,https://www.booking.com/hotel/fr/luxury-rental-marseille-imperial-rue-de-la-republique.fr.html?label=gen173nr-1FCAEoggI46AdIDVgEaE2IAQGYAQ24AQfIAQzYAQHoAQH4AQKIAgGoAgO4AoOysIMGwAIB0gIkYzcxZTYxZjUtZjhkYS00NWI0LTkwMGUtMGVkODA1MjU3OWQy2AIF4AIB&sid=52e49e294914c8bea0175922cc65b40c&dest_id=-1449947&dest_type=city&group_adults=2&group_children=0&hapos=387&hpos=12&no_rooms=1&sr_order=popularity&srepoch=1617697052&srpvid=12193a4e95f40119&ucfs=1&from=searchresults;highlight_room=#hotelTmpl,9.9,"Offrant une vue sur la ville, le Luxury Rental Marseille Imperial - Rue de la République est un hébergement situé à Marseille, à 5 minutes à pied du centre commercial Les Terrasses du Port et à 900...",5.36848940000004,43.3029224
20,Marseille,43.2961743,5.3699525,12.83,50.75,8.16,45.12,0.23,Clear,8.7,OK,La Luna B&B,https://www.booking.com/hotel/fr/la-luna-marseille.fr.html?label=gen173nr-1FCAEoggI46AdIDVgEaE2IAQGYAQ24AQfIAQzYAQHoAQH4AQKIAgGoAgO4AoOysIMGwAIB0gIkYzcxZTYxZjUtZjhkYS00NWI0LTkwMGUtMGVkODA1MjU3OWQy2AIF4AIB&sid=52e49e294914c8bea0175922cc65b40c&dest_id=-1449947&dest_type=city&group_adults=2&group_children=0&hapos=140&hpos=15&no_rooms=1&sr_order=popularity&srepoch=1617697038&srpvid=c37b3a47717b018b&ucfs=1&from=searchresults;highlight_room=#hotelTmpl,9.8,"Situé à Marseille, l'établissement La Luna dispose d'une piscine à débordement, d'une terrasse offrant une vue sur les îles Rade et un jardin. ",5.35831801593304,43.2785784471771
20,Marseille,43.2961743,5.3699525,12.83,50.75,8.16,45.12,0.23,Clear,8.7,OK,Mer d'Elen IV,https://www.booking.com/hotel/fr/mer-d-elen-iv.fr.html?label=gen173nr-1FCAEoggI46AdIDVgEaE2IAQGYAQ24AQfIAQzYAQHoAQH4AQKIAgGoAgO4AoOysIMGwAIB0gIkYzcxZTYxZjUtZjhkYS00NWI0LTkwMGUtMGVkODA1MjU3OWQy2AIF4AIB&sid=52e49e294914c8bea0175922cc65b40c&dest_id=-1449947&dest_type=city&group_adults=2&group_children=0&hapos=392&hpos=17&no_rooms=1&sr_order=popularity&srepoch=1617697053&srpvid=12193a4e95f40119&ucfs=1&from=searchresults;highlight_room=#hotelTmpl,9.8,"Offrant une vue sur le jardin, le Mer d'Elen IV propose un hébergement avec une terrasse et un balcon, à environ 6 km de la rue Saint-Ferréol. ",5.4367362,43.3275365
20,Marseille,43.2961743,5.3699525,12.83,50.75,8.16,45.12,0.23,Clear,8.7,OK,Chambre au panier,https://www.booking.com/hotel/fr/chambre-au-panier.fr.html?label=gen173nr-1FCAEoggI46AdIDVgEaE2IAQGYAQ24AQfIAQzYAQHoAQH4AQKIAgGoAgO4AoOysIMGwAIB0gIkYzcxZTYxZjUtZjhkYS00NWI0LTkwMGUtMGVkODA1MjU3OWQy2AIF4AIB&sid=52e49e294914c8bea0175922cc65b40c&dest_id=-1449947&dest_type=city&group_adults=2&group_children=0&hapos=286&hpos=11&no_rooms=1&sr_order=popularity&srepoch=1617697047&srpvid=e1023a4b1365001e&ucfs=1&from=searchresults;highlight_room=#hotelTmpl,9.8,"Située à Marseille, à 2,4 km de la calanque du Cuivre, la Chambre au panier propose un hébergement avec un salon commun, une connexion Wi-Fi gratuite et une cuisine commune. ",5.36777,43.296822
20,Marseille,43.2961743,5.3699525,12.83,50.75,8.16,45.12,0.23,Clear,8.7,OK,Maison de Ville,https://www.booking.com/hotel/fr/maison-de-ville-marseille.fr.html?label=gen173nr-1FCAEoggI46AdIDVgEaE2IAQGYAQ24AQfIAQzYAQHoAQH4AQKIAgGoAgO4AoOysIMGwAIB0gIkYzcxZTYxZjUtZjhkYS00NWI0LTkwMGUtMGVkODA1MjU3OWQy2AIF4AIB&sid=52e49e294914c8bea0175922cc65b40c&dest_id=-1449947&dest_type=city&group_adults=2&group_children=0&hapos=168&hpos=18&no_rooms=1&sr_order=popularity&srepoch=1617697040&srpvid=96833a4711ab0051&ucfs=1&from=searchresults;highlight_room=#hotelTmpl,9.7,"Située à Marseille, à 2,3 km de la plage du Prado Sud, la Maison de Ville propose un salon commun, une connexion Wi-Fi gratuite, une réception ouverte 24h/24 et une cuisine commune. ",5.3679329000347,43.2834187056301
20,Marseille,43.2961743,5.3699525,12.83,50.75,8.16,45.12,0.23,Clear,8.7,OK,10 rue Chevalier Roze,https://www.booking.com/hotel/fr/10-rue-chevalier-roze.fr.html?label=gen173nr-1FCAEoggI46AdIDVgEaE2IAQGYAQ24AQfIAQzYAQHoAQH4AQKIAgGoAgO4AoOysIMGwAIB0gIkYzcxZTYxZjUtZjhkYS00NWI0LTkwMGUtMGVkODA1MjU3OWQy2AIF4AIB&sid=52e49e294914c8bea0175922cc65b40c&dest_id=-1449947&dest_type=city&group_adults=2&group_children=0&hapos=339&hpos=14&no_rooms=1&sr_order=popularity&srepoch=1617697049&srpvid=26483a4cb8f701c6&ucfs=1&from=searchresults;highlight_room=#hotelTmpl,9.7,"Situé à Marseille, le 10 rue Chevalier Roze propose un hébergement avec connexion Wi-Fi gratuite. ",5.3720434,43.2980373
20,Marseille,43.2961743,5.3699525,12.83,50.75,8.16,45.12,0.23,Clear,8.7,OK,Maison jardin grande piscine,https://www.booking.com/hotel/fr/maison-marseille.fr.html?label=gen173nr-1FCAEoggI46AdIDVgEaE2IAQGYAQ24AQfIAQzYAQHoAQH4AQKIAgGoAgO4AoOysIMGwAIB0gIkYzcxZTYxZjUtZjhkYS00NWI0LTkwMGUtMGVkODA1MjU3OWQy2AIF4AIB&sid=52e49e294914c8bea0175922cc65b40c&dest_id=-1449947&dest_type=city&group_adults=2&group_children=0&hapos=121&hpos=21&no_rooms=1&sr_order=popularity&srepoch=1617697036&srpvid=8d513a4603b700f5&ucfs=1&from=searchresults;highlight_room=#hotelTmpl,9.7,"Située à Marseille, à moins de 1 km de Bonneveine et à 3,1 km du stade Orange Vélodrome, la Maison jardin grande piscine propose un hébergement avec une connexion Wi-Fi gratuite, la climatisation, une...",5.3851061,43.2480438
20,Marseille,43.2961743,5.3699525,12.83,50.75,8.16,45.12,0.23,Clear,8.7,OK,Sous le Clocher,https://www.booking.com/hotel/fr/sous-le-clocher-marseille.fr.html?label=gen173nr-1FCAEoggI46AdIDVgEaE2IAQGYAQ24AQfIAQzYAQHoAQH4AQKIAgGoAgO4AoOysIMGwAIB0gIkYzcxZTYxZjUtZjhkYS00NWI0LTkwMGUtMGVkODA1MjU3OWQy2AIF4AIB&sid=52e49e294914c8bea0175922cc65b40c&dest_id=-1449947&dest_type=city&group_adults=2&group_children=0&hapos=150&hpos=25&no_rooms=1&sr_order=popularity&srepoch=1617697038&srpvid=c37b3a47717b018b&ucfs=1&from=searchresults;highlight_room=#hotelTmpl,9.7,"L'établissement Sous le Clocher propose un appartement indépendant aménagé dans un ancien couvent, à Marseille. ",5.36880612373352,43.2980807603696
20,Marseille,43.2961743,5.3699525,12.83,50.75,8.16,45.12,0.23,Clear,8.7,OK,MARSEILLE CALANQUES,https://www.booking.com/hotel/fr/marseille-calanques.fr.html?label=gen173nr-1FCAEoggI46AdIDVgEaE2IAQGYAQ24AQfIAQzYAQHoAQH4AQKIAgGoAgO4AoOysIMGwAIB0gIkYzcxZTYxZjUtZjhkYS00NWI0LTkwMGUtMGVkODA1MjU3OWQy2AIF4AIB&sid=52e49e294914c8bea0175922cc65b40c&dest_id=-1449947&dest_type=city&group_adults=2&group_children=0&hapos=212&hpos=12&no_rooms=1&sr_order=popularity&srepoch=1617697042&srpvid=419b3a492f3b0112&ucfs=1&from=searchresults;highlight_room=#hotelTmpl,9.7,"Le MARSEILLE CALANQUES est situé à Marseille, à 1,6 km de Bonneveine et à 5 km du stade Orange Vélodrome, dans une région propice à la randonnée. ",5.3851435,43.2405988
20,Marseille,43.2961743,5.3699525,12.83,50.75,8.16,45.12,0.23,Clear,8.7,OK,App-Arte Marseille Vieux-Port,https://www.booking.com/hotel/fr/app-arte-marseille-vieux-port.fr.html?label=gen173nr-1FCAEoggI46AdIDVgEaE2IAQGYAQ24AQfIAQzYAQHoAQH4AQKIAgGoAgO4AoOysIMGwAIB0gIkYzcxZTYxZjUtZjhkYS00NWI0LTkwMGUtMGVkODA1MjU3OWQy2AIF4AIB&sid=52e49e294914c8bea0175922cc65b40c&dest_id=-1449947&dest_type=city&group_adults=2&group_children=0&hapos=275&hpos=25&no_rooms=1&sr_order=popularity&srepoch=1617697045&srpvid=5df33a4a337c001f&ucfs=1&from=searchresults;highlight_room=#hotelTmpl,9.6,"Situé dans le centre-ville historique de Marseille, à 20 mètres du Vieux-Port et à 350 mètres de la station de métro du même nom, l'App-Arte Marseille Vieux-Port propose des suites et un appartement...",5.37055626511574,43.2966508301098
21,Aix en Provence,43.5298424,5.4474738,13.05,44.0,5.5,42.62,0.24,Clear,8.88,OK,Villa Rose En Provence,https://www.booking.com/hotel/fr/villa-rose-en-provence.fr.html?label=gen173nr-1FCAEoggI46AdIDVgEaE2IAQGYAQ24AQfIAQzYAQHoAQH4AQKIAgGoAgO4AoOysIMGwAIB0gIkYzcxZTYxZjUtZjhkYS00NWI0LTkwMGUtMGVkODA1MjU3OWQy2AIF4AIB&sid=52e49e294914c8bea0175922cc65b40c&dest_id=-1406939&dest_type=city&group_adults=2&group_children=0&hapos=236&hpos=11&no_rooms=1&sr_order=popularity&srepoch=1617697043&srpvid=58043a4982e6014d&ucfs=1&from=searchresults;highlight_room=#hotelTmpl,9.9,"Offrant une vue sur le jardin, la Villa Rose En Provence est située à Aix-en-Provence, à 4,1 km de la cathédrale Saint-Sauveur. ",5.45673742817235,43.5596887004074
21,Aix en Provence,43.5298424,5.4474738,13.05,44.0,5.5,42.62,0.24,Clear,8.88,OK,Sweet Home-PARKING GRATUIT - Appartement-proche centre ville-2 chambres,https://www.booking.com/hotel/fr/cocooning-apartment.fr.html?label=gen173nr-1FCAEoggI46AdIDVgEaE2IAQGYAQ24AQfIAQzYAQHoAQH4AQKIAgGoAgO4AoOysIMGwAIB0gIkYzcxZTYxZjUtZjhkYS00NWI0LTkwMGUtMGVkODA1MjU3OWQy2AIF4AIB&sid=52e49e294914c8bea0175922cc65b40c&dest_id=-1406939&dest_type=city&group_adults=2&group_children=0&hapos=208&hpos=8&no_rooms=1&sr_order=popularity&srepoch=1617697042&srpvid=68f03a4960d9006a&ucfs=1&from=searchresults;highlight_room=#hotelTmpl,9.9,"Le Sweet Home-PARKING GRATUIT - Appartement-proche centre ville-2 chambres se situe dans Aix-en-Provence, à 1,5 km de la cathédrale Saint-Sauveur et à 1,6 km du cours Mirabeau. ",5.42939602883609,43.5281993026071
21,Aix en Provence,43.5298424,5.4474738,13.05,44.0,5.5,42.62,0.24,Clear,8.88,OK,Villa Aroha,https://www.booking.com/hotel/fr/villa-aroha-aix-en-provence.fr.html?label=gen173nr-1FCAEoggI46AdIDVgEaE2IAQGYAQ24AQfIAQzYAQHoAQH4AQKIAgGoAgO4AoOysIMGwAIB0gIkYzcxZTYxZjUtZjhkYS00NWI0LTkwMGUtMGVkODA1MjU3OWQy2AIF4AIB&sid=52e49e294914c8bea0175922cc65b40c&dest_id=-1406939&dest_type=city&group_adults=2&group_children=0&hapos=137&hpos=12&no_rooms=1&sr_order=popularity&srepoch=1617697038&srpvid=af0c3a4681f20048&ucfs=1&from=searchresults;highlight_room=#hotelTmpl,9.8,"Dotée d'une piscine extérieure ouverte en saison, d'un jardin et d'une terrasse, la Villa Aroha propose un hébergement à Aix-en-Provence avec une connexion Wi-Fi gratuite et une vue sur le jardin. ",5.446771,43.517763
21,Aix en Provence,43.5298424,5.4474738,13.05,44.0,5.5,42.62,0.24,Clear,8.88,OK,L'Enclos,https://www.booking.com/hotel/fr/l-39-enclos.fr.html?label=gen173nr-1FCAEoggI46AdIDVgEaE2IAQGYAQ24AQfIAQzYAQHoAQH4AQKIAgGoAgO4AoOysIMGwAIB0gIkYzcxZTYxZjUtZjhkYS00NWI0LTkwMGUtMGVkODA1MjU3OWQy2AIF4AIB&sid=52e49e294914c8bea0175922cc65b40c&dest_id=-1406939&dest_type=city&group_adults=2&group_children=0&hapos=100&hpos=25&no_rooms=1&sr_order=popularity&srepoch=1617697035&srpvid=20cf3a45e126002e&ucfs=1&from=searchresults;highlight_room=#hotelTmpl,9.8,"Doté d'une piscine extérieure ouverte en saison, d'un salon commun et d'un jardin, L'Enclos propose un hébergement à Aix-en-Provence avec une connexion Wi-Fi gratuite et une vue sur la piscine. ",5.4481386601883,43.6038494612689
21,Aix en Provence,43.5298424,5.4474738,13.05,44.0,5.5,42.62,0.24,Clear,8.88,OK, Duplex Aix,https://www.booking.com/hotel/fr/duplex-aix.fr.html?label=gen173nr-1FCAEoggI46AdIDVgEaE2IAQGYAQ24AQfIAQzYAQHoAQH4AQKIAgGoAgO4AoOysIMGwAIB0gIkYzcxZTYxZjUtZjhkYS00NWI0LTkwMGUtMGVkODA1MjU3OWQy2AIF4AIB&sid=52e49e294914c8bea0175922cc65b40c&dest_id=-1406939&dest_type=city&group_adults=2&group_children=0&hapos=121&hpos=21&no_rooms=1&sr_order=popularity&srepoch=1617697036&srpvid=77b23a46144d0082&ucfs=1&from=searchresults;highlight_room=#hotelTmpl,9.7,"Situé dans un quartier central d'Aix-en-Provence, à quelques pas du cours Mirabeau et de la cathédrale Saint-Sauveur,  Le Duplex Aix dispose d'une connexion Wi-Fi gratuite, de la climatisation et...",5.4513974,43.5282155
21,Aix en Provence,43.5298424,5.4474738,13.05,44.0,5.5,42.62,0.24,Clear,8.88,OK,Le Madeleine (duplex),https://www.booking.com/hotel/fr/le-madeleine-duplex.fr.html?label=gen173nr-1FCAEoggI46AdIDVgEaE2IAQGYAQ24AQfIAQzYAQHoAQH4AQKIAgGoAgO4AoOysIMGwAIB0gIkYzcxZTYxZjUtZjhkYS00NWI0LTkwMGUtMGVkODA1MjU3OWQy2AIF4AIB&sid=52e49e294914c8bea0175922cc65b40c&dest_id=-1406939&dest_type=city&group_adults=2&group_children=0&hapos=180&hpos=5&no_rooms=1&sr_order=popularity&srepoch=1617697041&srpvid=f6f23a48079d0164&ucfs=1&from=searchresults;highlight_room=#hotelTmpl,9.7,"Le Madeleine (duplex) propose un hébergement à Aix-en-Provence, à 400 mètres du cours Mirabeau et à 500 mètres de la cathédrale Saint-Sauveur. Cet appartement dispose d'une cuisine entièrement...",5.4522863,43.5291363
21,Aix en Provence,43.5298424,5.4474738,13.05,44.0,5.5,42.62,0.24,Clear,8.88,OK,N.8 LIFESTYLE SUITES,https://www.booking.com/hotel/fr/n8-lifestyle-suites-aix-en-provence.fr.html?label=gen173nr-1FCAEoggI46AdIDVgEaE2IAQGYAQ24AQfIAQzYAQHoAQH4AQKIAgGoAgO4AoOysIMGwAIB0gIkYzcxZTYxZjUtZjhkYS00NWI0LTkwMGUtMGVkODA1MjU3OWQy2AIF4AIB&sid=52e49e294914c8bea0175922cc65b40c&dest_id=-1406939&dest_type=city&group_adults=2&group_children=0&hapos=62&hpos=12&no_rooms=1&sr_order=popularity&srepoch=1617697033&srpvid=04db3a445dbd0177&ucfs=1&from=searchresults;highlight_room=#hotelTmpl,9.7,"Doté d’une terrasse, le N.8 Lifestyle Suites propose des hébergements climatisés avec connexion Wi-Fi gratuite à Aix-en-Provence, à 1,5 km de la cathédrale Saint-Sauveur et à 300 mètres du centre...",5.45096,43.529989
21,Aix en Provence,43.5298424,5.4474738,13.05,44.0,5.5,42.62,0.24,Clear,8.88,OK,Modern studio at the heart of Aix-en-Provence,https://www.booking.com/hotel/fr/modern-studio-at-the-heart-of-aix-en-provence.fr.html?label=gen173nr-1FCAEoggI46AdIDVgEaE2IAQGYAQ24AQfIAQzYAQHoAQH4AQKIAgGoAgO4AoOysIMGwAIB0gIkYzcxZTYxZjUtZjhkYS00NWI0LTkwMGUtMGVkODA1MjU3OWQy2AIF4AIB&sid=52e49e294914c8bea0175922cc65b40c&dest_id=-1406939&dest_type=city&group_adults=2&group_children=0&hapos=233&hpos=8&no_rooms=1&sr_order=popularity&srepoch=1617697043&srpvid=58043a4982e6014d&ucfs=1&from=searchresults;highlight_room=#hotelTmpl,9.7,"Situé dans le centre historique d'Aix-en-Provence, à proximité du cours Mirabeau, le Modern studio at the heart of Aix-en-Provence dispose d'une connexion Wi-Fi gratuite et d'un lave-linge. ",5.45069230000001,43.5261678
21,Aix en Provence,43.5298424,5.4474738,13.05,44.0,5.5,42.62,0.24,Clear,8.88,OK,"Loft ""Le Petit Séquoia""",https://www.booking.com/hotel/fr/petit-sequoia.fr.html?label=gen173nr-1FCAEoggI46AdIDVgEaE2IAQGYAQ24AQfIAQzYAQHoAQH4AQKIAgGoAgO4AoOysIMGwAIB0gIkYzcxZTYxZjUtZjhkYS00NWI0LTkwMGUtMGVkODA1MjU3OWQy2AIF4AIB&sid=52e49e294914c8bea0175922cc65b40c&dest_id=-1406939&dest_type=city&group_adults=2&group_children=0&hapos=53&hpos=3&no_rooms=1&sr_order=popularity&srepoch=1617697033&srpvid=04db3a445dbd0177&ucfs=1&from=searchresults;highlight_room=#hotelTmpl,9.7,"Situé en plein centre d'Aix-en-Provence, à proximité de la cathédrale Saint-Sauveur et du cours Mirabeau, le Loft ""Le Petit Séquoia"" dispose d'une connexion Wi-Fi gratuite, de la climatisation et...",5.4453748,43.5308951
21,Aix en Provence,43.5298424,5.4474738,13.05,44.0,5.5,42.62,0.24,Clear,8.88,OK,Lousoan,https://www.booking.com/hotel/fr/lousoan.fr.html?label=gen173nr-1FCAEoggI46AdIDVgEaE2IAQGYAQ24AQfIAQzYAQHoAQH4AQKIAgGoAgO4AoOysIMGwAIB0gIkYzcxZTYxZjUtZjhkYS00NWI0LTkwMGUtMGVkODA1MjU3OWQy2AIF4AIB&sid=52e49e294914c8bea0175922cc65b40c&dest_id=-1406939&dest_type=city&group_adults=2&group_children=0&hapos=74&hpos=24&no_rooms=1&sr_order=popularity&srepoch=1617697033&srpvid=04db3a445dbd0177&ucfs=1&from=searchresults;highlight_room=#hotelTmpl,9.7,"Situé à Aix-en-Provence, le Lousoan dispose d'un jardin, d'une terrasse et d’une connexion Wi-Fi gratuite. Vous profiterez d’une vue sur la piscine. ",5.43485773596808,43.5402606544646
22,Avignon,43.9492493,4.8059012,12.33,44.25,8.38,44.0,0.24,Clear,17.28,OK,Avignon Centre historique avec balcon B1 - 123avignon,https://www.booking.com/hotel/fr/1-rue-banasterie.fr.html?label=gen173nr-1FCAEoggI46AdIDVgEaE2IAQGYAQ24AQfIAQzYAQHoAQH4AQKIAgGoAgO4AoOysIMGwAIB0gIkYzcxZTYxZjUtZjhkYS00NWI0LTkwMGUtMGVkODA1MjU3OWQy2AIF4AIB&sid=52e49e294914c8bea0175922cc65b40c&dest_id=-1409631&dest_type=city&group_adults=2&group_children=0&hapos=338&hpos=13&no_rooms=1&sr_order=popularity&srepoch=1617697048&srpvid=a66e3a4cb2d4018a&ucfs=1&from=searchresults;highlight_room=#hotelTmpl,9.9,"Situé dans le centre d'Avignon, à proximité du pont d'Avignon et de la médiathèque Ceccano, L'Avignon Centre historique avec balcon Banasterie 1 dispose d'une connexion Wi-Fi gratuite, de la...",4.808429139881,43.949575268941
22,Avignon,43.9492493,4.8059012,12.33,44.25,8.38,44.0,0.24,Clear,17.28,OK,Au Soleil Ocre Avignon,https://www.booking.com/hotel/fr/au-soleil-ocre.fr.html?label=gen173nr-1FCAEoggI46AdIDVgEaE2IAQGYAQ24AQfIAQzYAQHoAQH4AQKIAgGoAgO4AoOysIMGwAIB0gIkYzcxZTYxZjUtZjhkYS00NWI0LTkwMGUtMGVkODA1MjU3OWQy2AIF4AIB&sid=52e49e294914c8bea0175922cc65b40c&dest_id=-1409631&dest_type=city&group_adults=2&group_children=0&hapos=75&hpos=25&no_rooms=1&sr_order=popularity&srepoch=1617697032&srpvid=208c3a44e6620173&ucfs=1&from=searchresults;highlight_room=#hotelTmpl,9.9,"Doté d'une piscine extérieure, l'hébergement Au Soleil Ocre Avignon est une villa indépendante de style méditerranéen située à Avignon, sur l'Île de la Barthelasse. ",4.8378199338913,43.9645951992521
22,Avignon,43.9492493,4.8059012,12.33,44.25,8.38,44.0,0.24,Clear,17.28,OK,Résidence thiers,https://www.booking.com/hotel/fr/residence-thiers-avignon.fr.html?label=gen173nr-1FCAEoggI46AdIDVgEaE2IAQGYAQ24AQfIAQzYAQHoAQH4AQKIAgGoAgO4AoOysIMGwAIB0gIkYzcxZTYxZjUtZjhkYS00NWI0LTkwMGUtMGVkODA1MjU3OWQy2AIF4AIB&sid=52e49e294914c8bea0175922cc65b40c&dest_id=-1409631&dest_type=city&group_adults=2&group_children=0&hapos=160&hpos=10&no_rooms=1&sr_order=popularity&srepoch=1617697039&srpvid=93ed3a4773560008&ucfs=1&from=searchresults;highlight_room=#hotelTmpl,9.9,"Située à Avignon, à seulement 2,4 km du palais des papes, la Résidence thiers propose un hébergement avec accès à un salon commun, une terrasse et une cuisine commune. ",4.8164048,43.9465828
22,Avignon,43.9492493,4.8059012,12.33,44.25,8.38,44.0,0.24,Clear,17.28,OK,La Divine Comédie-Suites Deluxe,https://www.booking.com/hotel/fr/la-divine-comedie.fr.html?label=gen173nr-1FCAEoggI46AdIDVgEaE2IAQGYAQ24AQfIAQzYAQHoAQH4AQKIAgGoAgO4AoOysIMGwAIB0gIkYzcxZTYxZjUtZjhkYS00NWI0LTkwMGUtMGVkODA1MjU3OWQy2AIF4AIB&sid=52e49e294914c8bea0175922cc65b40c&dest_id=-1409631&dest_type=city&group_adults=2&group_children=0&hapos=16&hpos=16&no_rooms=1&sr_order=popularity&srepoch=1617697029&srpvid=414f3a42175b0105&ucfs=1&from=searchresults;highlight_room=#hotelTmpl,9.9,"Située à Avignon, en Provence-Alpes-Côte d'Azur, à 400 mètres du palais des Papes, la chambre d'hôtes La Divine Comédie dispose d'un jardin et d'une piscine extérieure ouverte toute l'année. ",4.81083179999996,43.9506374
22,Avignon,43.9492493,4.8059012,12.33,44.25,8.38,44.0,0.24,Clear,17.28,OK,Coeur de Provence STC,https://www.booking.com/hotel/fr/coeur-de-provence-avignon.fr.html?label=gen173nr-1FCAEoggI46AdIDVgEaE2IAQGYAQ24AQfIAQzYAQHoAQH4AQKIAgGoAgO4AoOysIMGwAIB0gIkYzcxZTYxZjUtZjhkYS00NWI0LTkwMGUtMGVkODA1MjU3OWQy2AIF4AIB&sid=52e49e294914c8bea0175922cc65b40c&dest_id=-1409631&dest_type=city&group_adults=2&group_children=0&hapos=214&hpos=14&no_rooms=1&sr_order=popularity&srepoch=1617697042&srpvid=32d03a4860ba003d&ucfs=1&from=searchresults;highlight_room=#hotelTmpl,9.9,"Situé en plein centre d'Avignon, à proximité du pont d'Avignon et de la médiathèque Ceccano, Le Coeur de Provence STC propose une connexion Wi-Fi gratuite, la climatisation et des équipements ménagers...",4.81086740000001,43.9513189
22,Avignon,43.9492493,4.8059012,12.33,44.25,8.38,44.0,0.24,Clear,17.28,OK,Le Studio de l'Atelier d'artiste,https://www.booking.com/hotel/fr/apartment-le-complot-1.fr.html?label=gen173nr-1FCAEoggI46AdIDVgEaE2IAQGYAQ24AQfIAQzYAQHoAQH4AQKIAgGoAgO4AoOysIMGwAIB0gIkYzcxZTYxZjUtZjhkYS00NWI0LTkwMGUtMGVkODA1MjU3OWQy2AIF4AIB&sid=52e49e294914c8bea0175922cc65b40c&dest_id=-1409631&dest_type=city&group_adults=2&group_children=0&hapos=96&hpos=21&no_rooms=1&sr_order=popularity&srepoch=1617697034&srpvid=9c913a4557df0022&ucfs=1&from=searchresults;highlight_room=#hotelTmpl,9.8,"Le Studio de l'Atelier d'artiste est un hébergement indépendant situé à Avignon. Sur place, vous bénéficierez gratuitement d'une connexion Wi-Fi. ",4.81048387238729,43.9506641388176
22,Avignon,43.9492493,4.8059012,12.33,44.25,8.38,44.0,0.24,Clear,17.28,OK,N15 - Chambres d'hôtes,https://www.booking.com/hotel/fr/n15.fr.html?label=gen173nr-1FCAEoggI46AdIDVgEaE2IAQGYAQ24AQfIAQzYAQHoAQH4AQKIAgGoAgO4AoOysIMGwAIB0gIkYzcxZTYxZjUtZjhkYS00NWI0LTkwMGUtMGVkODA1MjU3OWQy2AIF4AIB&sid=52e49e294914c8bea0175922cc65b40c&dest_id=-1409631&dest_type=city&group_adults=2&group_children=0&hapos=79&hpos=4&no_rooms=1&sr_order=popularity&srepoch=1617697034&srpvid=9c913a4557df0022&ucfs=1&from=searchresults;highlight_room=#hotelTmpl,9.8,"Doté d'une piscine extérieure, d'un jardin et d'une terrasse, le N15 - Chambres d'hôtes vous accueille dans le centre-ville d'Avignon, à 300 mètres du Palais des Papes et à 800 mètres du Pont...",4.81104354418028,43.9502995553487
22,Avignon,43.9492493,4.8059012,12.33,44.25,8.38,44.0,0.24,Clear,17.28,OK,Les Anges 1 - Suite Deluxe - Avignon,https://www.booking.com/hotel/fr/les-anges-2.fr.html?label=gen173nr-1FCAEoggI46AdIDVgEaE2IAQGYAQ24AQfIAQzYAQHoAQH4AQKIAgGoAgO4AoOysIMGwAIB0gIkYzcxZTYxZjUtZjhkYS00NWI0LTkwMGUtMGVkODA1MjU3OWQy2AIF4AIB&sid=52e49e294914c8bea0175922cc65b40c&dest_id=-1409631&dest_type=city&group_adults=2&group_children=0&hapos=116&hpos=16&no_rooms=1&sr_order=popularity&srepoch=1617697036&srpvid=1b4a3a454ef60030&ucfs=1&from=searchresults;highlight_room=#hotelTmpl,9.8,"L’appartement Les Anges 1 - Suite Deluxe - Avignon est installé dans un bâtiment datant du XVIe siècle, au cœur d’Avignon, à 300 mètres du palais des Papes, à 400 mètres de l'hôtel de ville et à 500...",4.80995619999999,43.9508789
22,Avignon,43.9492493,4.8059012,12.33,44.25,8.38,44.0,0.24,Clear,17.28,OK,L'appartement de l'Atelier d'artiste,https://www.booking.com/hotel/fr/l-39-appartement-de-l-39-atelier-d-39-artiste.fr.html?label=gen173nr-1FCAEoggI46AdIDVgEaE2IAQGYAQ24AQfIAQzYAQHoAQH4AQKIAgGoAgO4AoOysIMGwAIB0gIkYzcxZTYxZjUtZjhkYS00NWI0LTkwMGUtMGVkODA1MjU3OWQy2AIF4AIB&sid=52e49e294914c8bea0175922cc65b40c&dest_id=-1409631&dest_type=city&group_adults=2&group_children=0&hapos=217&hpos=17&no_rooms=1&sr_order=popularity&srepoch=1617697042&srpvid=32d03a4860ba003d&ucfs=1&from=searchresults;highlight_room=#hotelTmpl,9.8,"Doté d'un balcon, l'appartement de l'Atelier d'artiste est situé à Avignon, à seulement 1,2 km du pont d'Avignon et à moins de 1 km de la médiathèque Ceccano. ",4.81051,43.950661
22,Avignon,43.9492493,4.8059012,12.33,44.25,8.38,44.0,0.24,Clear,17.28,OK,LE PALAIS DES PAPES - AVIGNONSMILE,https://www.booking.com/hotel/fr/appartement-palais-des-papes.fr.html?label=gen173nr-1FCAEoggI46AdIDVgEaE2IAQGYAQ24AQfIAQzYAQHoAQH4AQKIAgGoAgO4AoOysIMGwAIB0gIkYzcxZTYxZjUtZjhkYS00NWI0LTkwMGUtMGVkODA1MjU3OWQy2AIF4AIB&sid=52e49e294914c8bea0175922cc65b40c&dest_id=-1409631&dest_type=city&group_adults=2&group_children=0&hapos=322&hpos=22&no_rooms=1&sr_order=popularity&srepoch=1617697047&srpvid=a9643a4b40b6012b&ucfs=1&from=searchresults;highlight_room=#hotelTmpl,9.7,"Situé en plein cœur d'Avignon, à proximité du pont d'Avignon et de la médiathèque Ceccano, l'établissement LE PALAIS DES PAPES - AVIGNONSMILE propose une connexion Wi-Fi gratuite, la climatisation et...",4.81073502827951,43.9513086460269
34,La Rochelle,46.1591126,-1.1520434,10.09,54.0,4.18,40.75,0.13,Clear,0.65,OK,Il était une fois chez moi- La maison d'Eugénie,https://www.booking.com/hotel/fr/il-etait-une-fois-chez-moi-la-maison-d-39-eugenie.fr.html?label=gen173nr-1FCAEoggI46AdIDVgEaE2IAQGYAQ24AQfIAQzYAQHoAQH4AQKIAgGoAgO4AoOysIMGwAIB0gIkYzcxZTYxZjUtZjhkYS00NWI0LTkwMGUtMGVkODA1MjU3OWQy2AIF4AIB&sid=52e49e294914c8bea0175922cc65b40c&dest_id=-1438605&dest_type=city&group_adults=2&group_children=0&hapos=7&hpos=7&no_rooms=1&sr_order=popularity&srepoch=1617697030&srpvid=88ae3a43db2d001a&ucfs=1&from=searchresults;highlight_room=;spdest=;spdist=#hotelTmpl,9.9,"Il était une fois chez moi- Située au Loroux-Bottereau, La maison d'Eugénie dispose d'un jardin et d'une terrasse. Offrant une vue sur le jardin, elle se trouve à 33 km de Saint-Herblain. ",1.351433,47.238259
34,La Rochelle,46.1591126,-1.1520434,10.09,54.0,4.18,40.75,0.13,Clear,0.65,OK,Château Haute Roche,https://www.booking.com/hotel/fr/chateau-haute-roche.fr.html?label=gen173nr-1FCAEoggI46AdIDVgEaE2IAQGYAQ24AQfIAQzYAQHoAQH4AQKIAgGoAgO4AoOysIMGwAIB0gIkYzcxZTYxZjUtZjhkYS00NWI0LTkwMGUtMGVkODA1MjU3OWQy2AIF4AIB&sid=52e49e294914c8bea0175922cc65b40c&dest_id=-1438605&dest_type=city&group_adults=2&group_children=0&hapos=171&hpos=21&no_rooms=1&sr_order=popularity&srepoch=1617697040&srpvid=f3ab3a47ff7b006f&ucfs=1&from=searchresults;highlight_room=;spdest=;spdist=#hotelTmpl,9.9,"Situé à Oudon, le Château Haute Roche propose une connexion Wi-Fi accessible gratuitement dans l'ensemble de ses locaux, une vue sur son jardin, un salon commun et une terrasse. ",1.262699,47.351163
34,La Rochelle,46.1591126,-1.1520434,10.09,54.0,4.18,40.75,0.13,Clear,0.65,OK,Au Cadran Solaire,https://www.booking.com/hotel/fr/au-cadran-solaire.fr.html?label=gen173nr-1FCAEoggI46AdIDVgEaE2IAQGYAQ24AQfIAQzYAQHoAQH4AQKIAgGoAgO4AoOysIMGwAIB0gIkYzcxZTYxZjUtZjhkYS00NWI0LTkwMGUtMGVkODA1MjU3OWQy2AIF4AIB&sid=52e49e294914c8bea0175922cc65b40c&dest_id=-1438605&dest_type=city&group_adults=2&group_children=0&hapos=85&hpos=10&no_rooms=1&sr_order=popularity&srepoch=1617697035&srpvid=82973a45315e00f2&ucfs=1&from=searchresults;highlight_room=;spdest=;spdist=#hotelTmpl,9.8,"Situé à Nantes, à 200 mètres de l'Erdre, l'établissement Au Cadran Solaire propose des studios indépendants dotés d'une télévision à écran plat. ",1.53799742460251,47.2479576561911
34,La Rochelle,46.1591126,-1.1520434,10.09,54.0,4.18,40.75,0.13,Clear,0.65,OK,18 Crebillon,https://www.booking.com/hotel/fr/18-crebillon.fr.html?label=gen173nr-1FCAEoggI46AdIDVgEaE2IAQGYAQ24AQfIAQzYAQHoAQH4AQKIAgGoAgO4AoOysIMGwAIB0gIkYzcxZTYxZjUtZjhkYS00NWI0LTkwMGUtMGVkODA1MjU3OWQy2AIF4AIB&sid=52e49e294914c8bea0175922cc65b40c&dest_id=-1438605&dest_type=city&group_adults=2&group_children=0&hapos=236&hpos=11&no_rooms=1&sr_order=popularity&srepoch=1617697044&srpvid=ce843a4931c50121&ucfs=1&from=searchresults;highlight_room=;spdest=;spdist=#hotelTmpl,9.8,"Le 18 Crebillon est un appartement situé à Nantes, à 300 mètres du musée de l'Imprimerie et du muséum d'histoire naturelle. ",1.56094734232784,47.2137207877295
34,La Rochelle,46.1591126,-1.1520434,10.09,54.0,4.18,40.75,0.13,Clear,0.65,OK,Chambre d’hôtes à Vallet,https://www.booking.com/hotel/fr/chambre-d-hotes-a-vallet.fr.html?label=gen173nr-1FCAEoggI46AdIDVgEaE2IAQGYAQ24AQfIAQzYAQHoAQH4AQKIAgGoAgO4AoOysIMGwAIB0gIkYzcxZTYxZjUtZjhkYS00NWI0LTkwMGUtMGVkODA1MjU3OWQy2AIF4AIB&sid=52e49e294914c8bea0175922cc65b40c&dest_id=-1438605&dest_type=city&group_adults=2&group_children=0&hapos=411&hpos=11&no_rooms=1&sr_order=popularity&srepoch=1617697054&srpvid=76253a4e9a760183&ucfs=1&from=searchresults;highlight_room=;spdest=;spdist=#hotelTmpl,9.8,"Située à Vallet, la Chambre d'hôtes à Vallet dispose d'un jardin et d'une terrasse. Vous séjournerez à 44 km de Saint-Herblain. ",1.19619845166778,47.158931354305
34,La Rochelle,46.1591126,-1.1520434,10.09,54.0,4.18,40.75,0.13,Clear,0.65,OK,La Demeure de Saint Fiacre,https://www.booking.com/hotel/fr/la-demeure-de-saint-fiacre.fr.html?label=gen173nr-1FCAEoggI46AdIDVgEaE2IAQGYAQ24AQfIAQzYAQHoAQH4AQKIAgGoAgO4AoOysIMGwAIB0gIkYzcxZTYxZjUtZjhkYS00NWI0LTkwMGUtMGVkODA1MjU3OWQy2AIF4AIB&sid=52e49e294914c8bea0175922cc65b40c&dest_id=-1438605&dest_type=city&group_adults=2&group_children=0&hapos=286&hpos=11&no_rooms=1&sr_order=popularity&srepoch=1617697047&srpvid=cec83a4ba39c0062&ucfs=1&from=searchresults;highlight_room=;spdest=;spdist=#hotelTmpl,9.7,"Niché au cœur des vignobles nantais, dans les Pays de la Loire, l'établissement La Demeure de Saint Fiacre allie un extérieur de style rustique à un intérieur contemporain. ",1.41568171984545,47.1391405488328
34,La Rochelle,46.1591126,-1.1520434,10.09,54.0,4.18,40.75,0.13,Clear,0.65,OK,Castel Magnolia,https://www.booking.com/hotel/fr/castel-magnolia.fr.html?label=gen173nr-1FCAEoggI46AdIDVgEaE2IAQGYAQ24AQfIAQzYAQHoAQH4AQKIAgGoAgO4AoOysIMGwAIB0gIkYzcxZTYxZjUtZjhkYS00NWI0LTkwMGUtMGVkODA1MjU3OWQy2AIF4AIB&sid=52e49e294914c8bea0175922cc65b40c&dest_id=-1438605&dest_type=city&group_adults=2&group_children=0&hapos=428&hpos=3&no_rooms=1&sr_order=popularity&srepoch=1617697055&srpvid=44fb3a4f34c5005f&ucfs=1&from=searchresults;highlight_room=;spdest=;spdist=#hotelTmpl,9.7,"Situé dans le centre d'Ancenis et à 1 km du château, le Castel Magnolia se trouve dans une demeure historique du XIXe siècle. ",1.17788940668106,47.3676769518272
34,La Rochelle,46.1591126,-1.1520434,10.09,54.0,4.18,40.75,0.13,Clear,0.65,OK,Chambre d'Hotes Les Turpinieres,https://www.booking.com/hotel/fr/chambre-d-hotes-les-turpinieres.fr.html?label=gen173nr-1FCAEoggI46AdIDVgEaE2IAQGYAQ24AQfIAQzYAQHoAQH4AQKIAgGoAgO4AoOysIMGwAIB0gIkYzcxZTYxZjUtZjhkYS00NWI0LTkwMGUtMGVkODA1MjU3OWQy2AIF4AIB&sid=52e49e294914c8bea0175922cc65b40c&dest_id=-1438605&dest_type=city&group_adults=2&group_children=0&hapos=431&hpos=6&no_rooms=1&sr_order=popularity&srepoch=1617697055&srpvid=44fb3a4f34c5005f&ucfs=1&from=searchresults;highlight_room=;spdest=;spdist=#hotelTmpl,9.7,"Située à Liré, dans les Pays de la Loire, la Chambre d'Hotes Les Turpinieres dispose d'une terrasse et offre une vue sur le jardin. Cet hébergement se trouve à 35 km de Clisson. ",1.148869,47.347109
34,La Rochelle,46.1591126,-1.1520434,10.09,54.0,4.18,40.75,0.13,Clear,0.65,OK,Homgaïa chambres d'hôtes,https://www.booking.com/hotel/fr/homgaia.fr.html?label=gen173nr-1FCAEoggI46AdIDVgEaE2IAQGYAQ24AQfIAQzYAQHoAQH4AQKIAgGoAgO4AoOysIMGwAIB0gIkYzcxZTYxZjUtZjhkYS00NWI0LTkwMGUtMGVkODA1MjU3OWQy2AIF4AIB&sid=52e49e294914c8bea0175922cc65b40c&dest_id=-1438605&dest_type=city&group_adults=2&group_children=0&hapos=453&hpos=3&no_rooms=1&sr_order=popularity&srepoch=1617697056&srpvid=63273a5055610094&ucfs=1&from=searchresults;highlight_room=;spdest=;spdist=#hotelTmpl,9.6,"Installé à Clisson, à 40 km de Saint-Herblain, l’Homgaïa chambres d’hôtes vous propose un salon commun et une connexion Wi-Fi gratuite. ",1.28652124603275,47.0902111578734
34,La Rochelle,46.1591126,-1.1520434,10.09,54.0,4.18,40.75,0.13,Clear,0.65,OK,T2 avec box proche Graslin,https://www.booking.com/hotel/fr/t2-avec-parking-proche-graslin.fr.html?label=gen173nr-1FCAEoggI46AdIDVgEaE2IAQGYAQ24AQfIAQzYAQHoAQH4AQKIAgGoAgO4AoOysIMGwAIB0gIkYzcxZTYxZjUtZjhkYS00NWI0LTkwMGUtMGVkODA1MjU3OWQy2AIF4AIB&sid=52e49e294914c8bea0175922cc65b40c&dest_id=-1438605&dest_type=city&group_adults=2&group_children=0&hapos=323&hpos=23&no_rooms=1&sr_order=popularity&srepoch=1617697048&srpvid=82133a4c6d3b0088&ucfs=1&from=searchresults;highlight_room=;spdest=;spdist=#hotelTmpl,9.6,"Le T2 avec box proche Graslin propose un hébergement doté d’un balcon à Nantes, à moins de 500 mètres du musée d’histoire naturelle et à 700 mètres du musée de l’Imprimerie. ",1.5714555,47.2134502
